Loan_ID,Applicant_Age,Income,Credit_Score,Loan_Amount,Loan_Term,Interest_Rate,Employment_Status,Loan_Status,Late_Payments,Debt_to_Income_Ratio
LN0001,56.0,,680.0,10039.0,24,28.87,Unemployed,0,3,28.74
LN0002,69.0,81268.0,735.0,26281.0,24,9.69,Unemployed,1,8,38.12
LN0003,46.0,112201.0,782.0,15442.0,36,12.4,Unemployed,0,8,42.73
LN0004,32.0,58243.0,324.0,13252.0,24,27.18,Unemployed,1,0,47.73
LN0005,60.0,77384.0,416.0,32586.0,36,29.1,Self-employed,0,1,44.12
LN0006,25.0,51653.0,781.0,22568.0,60,14.97,Employed,1,7,26.75
LN0007,38.0,46657.0,691.0,25810.0,48,11.67,Employed,0,4,20.12
LN0008,56.0,59952.0,836.0,6551.0,12,17.2,Self-employed,0,6,11.95
LN0009,36.0,42180.0,378.0,17625.0,48,21.57,Unemployed,1,0,23.01
LN0010,40.0,117432.0,472.0,39397.0,36,10.38,Employed,0,9,21.49
LN0011,28.0,141829.0,311.0,31249.0,36,22.88,Self-employed,1,4,30.18
LN0012,28.0,148377.0,427.0,6361.0,48,4.39,Self-employed,0,2,34.95
LN0013,41.0,98411.0,391.0,31149.0,36,4.33,Employed,0,9,49.02
LN0014,53.0,21622.0,842.0,9370.0,24,13.43,Employed,1,1,37.78
LN0015,57.0,68756.0,831.0,10283.0,24,12.54,Unemployed,0,1,33.97
LN0016,41.0,60809.0,746.0,12610.0,36,11.52,Unemployed,1,8,120.0
LN0017,20.0,36725.0,689.0,48326.0,36,16.26,Employed,0,3,6.55
LN0018,39.0,81396.0,342.0,19924.0,24,11.66,Unemployed,0,3,17.97
LN0019,19.0,71226.0,553.0,49717.0,36,8.19,Self-employed,0,6,39.58
LN0020,41.0,126296.0,429.0,15626.0,36,11.36,Unemployed,0,9,14.24
LN0021,61.0,101182.0,359.0,39761.0,48,29.32,Unemployed,0,9,37.05
LN0022,47.0,102565.0,766.0,5869.0,12,14.1,Self-employed,0,1,31.09
LN0023,55.0,49402.0,586.0,36552.0,24,15.01,Unemployed,0,2,12.73
LN0024,19.0,24263.0,816.0,6014.0,48,18.57,Self-employed,1,2,16.77
LN0025,38.0,143489.0,766.0,15103.0,12,29.55,Unemployed,0,5,27.33
LN0026,50.0,116523.0,644.0,21986.0,36,9.52,Employed,0,2,23.83
LN0027,29.0,66828.0,681.0,49781.0,36,21.39,Unemployed,0,4,40.04
LN0028,39.0,140824.0,552.0,35471.0,48,22.33,Employed,1,3,38.05
LN0029,61.0,67924.0,355.0,38458.0,36,19.4,Employed,1,2,30.86
LN0030,42.0,94182.0,762.0,30069.0,60,5.39,Employed,0,7,42.0
LN0031,66.0,113065.0,756.0,21873.0,48,21.28,Employed,0,9,30.32
LN0032,44.0,79052.0,382.0,28248.0,12,4.73,Employed,0,2,48.4
LN0033,59.0,31664.0,398.0,28624.0,48,19.1,Self-employed,1,5,14.78
LN0034,45.0,55737.0,448.0,48516.0,24,22.97,Self-employed,0,6,37.14
LN0035,33.0,121332.0,628.0,34061.0,48,8.7,Self-employed,1,6,21.65
LN0036,32.0,109563.0,455.0,29170.0,36,25.72,Employed,0,1,17.55
LN0037,64.0,49373.0,1000.0,,36,3.82,Unemployed,1,2,13.12
LN0038,68.0,,793.0,21678.0,60,25.78,Self-employed,1,9,29.86
LN0039,61.0,56397.0,562.0,,60,15.43,Unemployed,0,9,14.7
LN0040,-5.0,148575.0,379.0,25411.0,60,8.87,Unemployed,0,3,14.02
LN0041,20.0,106145.0,699.0,48803.0,12,6.61,Employed,0,6,49.57
LN0042,54.0,121371.0,559.0,24296.0,60,28.74,Employed,0,1,-10.0
LN0043,68.0,58709.0,400.0,31293.0,12,4.96,Employed,0,2,38.67
LN0044,24.0,136074.0,658.0,32172.0,60,8.38,Self-employed,0,6,40.73
LN0045,38.0,81120.0,679.0,26128.0,12,12.39,Employed,0,6,48.6
LN0046,26.0,39250.0,520.0,,48,19.75,Self-employed,1,9,30.8
LN0047,56.0,41172.0,719.0,17855.0,48,17.71,Self-employed,0,2,14.91
LN0048,35.0,31555.0,423.0,24642.0,36,6.39,Self-employed,0,0,43.8
LN0049,21.0,107410.0,721.0,40585.0,12,10.82,Self-employed,1,2,38.42
LN0050,42.0,98617.0,530.0,25025.0,24,9.45,Employed,0,4,23.64
LN0051,31.0,73276.0,362.0,9458.0,36,8.77,Self-employed,0,6,26.31
LN0052,67.0,77492.0,784.0,10307.0,48,14.1,Employed,0,3,23.51
LN0053,26.0,73002.0,782.0,46701.0,12,22.01,Employed,0,0,46.85
LN0054,43.0,140103.0,818.0,23425.0,60,8.87,Self-employed,1,5,20.46
LN0055,19.0,144938.0,454.0,48427.0,24,12.9,Employed,1,1,48.36
LN0056,37.0,109599.0,391.0,,48,13.55,Unemployed,0,2,45.96
LN0057,45.0,92355.0,825.0,43506.0,36,29.36,Employed,0,3,33.37
LN0058,64.0,,754.0,10668.0,12,28.78,Employed,1,5,31.09
LN0059,24.0,44762.0,809.0,30934.0,24,24.6,Self-employed,0,5,21.65
LN0060,61.0,31046.0,482.0,12697.0,12,9.52,Self-employed,1,6,5.83
LN0061,25.0,116999.0,685.0,29417.0,60,4.84,Employed,1,4,10.74
LN0062,64.0,144130.0,704.0,21446.0,36,11.56,Self-employed,1,6,38.94
LN0063,52.0,136021.0,545.0,45597.0,12,10.2,Unemployed,0,1,26.22
LN0064,31.0,48769.0,770.0,15751.0,48,16.66,Unemployed,0,0,11.74
LN0065,34.0,73302.0,722.0,12352.0,36,24.0,Self-employed,0,9,16.88
LN0066,53.0,43150.0,364.0,18516.0,48,26.17,Employed,1,7,47.65
LN0067,67.0,88247.0,312.0,28299.0,12,25.81,Unemployed,0,0,21.52
LN0068,57.0,24853.0,512.0,36957.0,36,12.71,Unemployed,0,1,45.85
LN0069,21.0,114613.0,541.0,33927.0,48,21.56,Employed,1,9,18.71
LN0070,19.0,140900.0,792.0,46094.0,60,11.45,Self-employed,0,5,29.44
LN0071,23.0,109399.0,512.0,41412.0,60,4.64,Unemployed,0,0,5.92
LN0072,59.0,41792.0,637.0,34493.0,12,21.94,Employed,0,9,28.48
LN0073,21.0,79129.0,472.0,31711.0,36,3.27,Employed,1,2,33.66
LN0074,46.0,126019.0,463.0,13003.0,24,14.05,Unemployed,0,6,-10.0
LN0075,35.0,94478.0,764.0,36707.0,36,11.89,Self-employed,1,7,31.05
LN0076,43.0,133811.0,796.0,8278.0,60,21.72,Unemployed,1,3,34.12
LN0077,61.0,134130.0,694.0,12296.0,48,23.69,Employed,1,2,35.91
LN0078,51.0,,607.0,30398.0,24,11.21,Unemployed,0,0,39.94
LN0079,27.0,51987.0,482.0,,12,24.91,Self-employed,0,8,19.01
LN0080,53.0,35850.0,809.0,18261.0,24,10.94,Employed,0,9,30.55
LN0081,31.0,32112.0,845.0,16173.0,12,15.05,Self-employed,1,5,49.17
LN0082,48.0,141789.0,526.0,35449.0,24,22.63,Unemployed,1,5,45.42
LN0083,65.0,44058.0,735.0,46080.0,12,21.71,Unemployed,0,8,47.87
LN0084,-5.0,65420.0,721.0,6637.0,12,29.66,Self-employed,1,0,22.38
LN0085,25.0,58890.0,,36781.0,24,9.08,Unemployed,0,5,40.41
LN0086,31.0,86017.0,696.0,18652.0,24,20.88,Self-employed,0,4,32.9
LN0087,40.0,67304.0,404.0,10103.0,12,19.46,Unemployed,0,5,8.72
LN0088,57.0,52921.0,491.0,30500.0,60,27.71,Self-employed,0,7,42.08
LN0089,38.0,125921.0,316.0,39800.0,24,7.22,Self-employed,0,4,35.47
LN0090,33.0,21524.0,419.0,40529.0,36,23.3,Employed,0,1,13.95
LN0091,62.0,120424.0,692.0,,48,18.34,Employed,0,1,8.59
LN0092,35.0,35048.0,724.0,36174.0,12,10.42,Self-employed,1,9,42.67
LN0093,64.0,55111.0,428.0,40436.0,12,15.81,Unemployed,0,4,8.55
LN0094,41.0,57904.0,429.0,20954.0,48,12.01,Unemployed,1,2,9.11
LN0095,43.0,,328.0,22186.0,60,18.64,Unemployed,1,9,24.23
LN0096,42.0,54008.0,396.0,17356.0,48,27.0,Self-employed,0,2,11.07
LN0097,62.0,20060.0,309.0,37963.0,24,18.37,Self-employed,1,7,46.12
LN0098,58.0,94666.0,541.0,7187.0,48,20.06,Self-employed,1,6,26.16
LN0099,46.0,103559.0,531.0,16707.0,12,17.01,Self-employed,1,0,30.61
LN0100,32.0,75337.0,583.0,40098.0,48,4.38,Employed,0,4,46.76
LN0101,62.0,130616.0,499.0,31935.0,36,9.29,Self-employed,0,8,28.86
LN0102,18.0,33350.0,378.0,26225.0,24,16.28,Unemployed,0,3,20.91
LN0103,42.0,44354.0,472.0,8606.0,48,11.38,Employed,0,0,40.87
LN0104,24.0,65186.0,766.0,37828.0,12,7.91,Unemployed,0,7,24.93
LN0105,26.0,48145.0,715.0,31489.0,24,16.61,Self-employed,1,4,-10.0
LN0106,41.0,54020.0,748.0,19387.0,12,11.72,Employed,1,1,37.55
LN0107,18.0,106123.0,386.0,8927.0,60,9.97,Self-employed,0,0,41.07
LN0108,61.0,126667.0,400.0,11296.0,36,15.53,Employed,1,2,40.63
LN0109,25.0,95186.0,307.0,,60,6.6,Unemployed,1,8,49.0
LN0110,41.0,105469.0,499.0,7591.0,36,28.05,Self-employed,1,0,40.4
LN0111,28.0,40581.0,804.0,49895.0,48,26.43,Self-employed,1,3,39.65
LN0112,68.0,108929.0,386.0,,24,22.11,Employed,0,7,43.59
LN0113,34.0,43051.0,342.0,43889.0,48,5.87,Employed,0,7,5.01
LN0114,25.0,71474.0,684.0,6200.0,36,23.95,Self-employed,0,9,21.31
LN0115,52.0,111748.0,734.0,20721.0,36,24.81,Employed,1,7,38.19
LN0116,52.0,145995.0,707.0,,36,23.73,Self-employed,1,9,31.99
LN0117,50.0,134618.0,782.0,,12,6.08,Employed,0,7,12.99
LN0118,22.0,89626.0,1000.0,35816.0,24,20.39,Unemployed,0,3,-10.0
LN0119,59.0,26960.0,447.0,28408.0,48,25.53,Employed,1,7,20.16
LN0120,56.0,55772.0,576.0,44740.0,48,18.59,Unemployed,0,8,30.55
LN0121,58.0,41520.0,531.0,5136.0,60,20.45,Employed,0,6,42.42
LN0122,45.0,69481.0,665.0,22413.0,36,15.38,Employed,1,1,46.96
LN0123,24.0,56408.0,527.0,23978.0,36,17.28,Self-employed,1,8,38.75
LN0124,26.0,114006.0,735.0,5661.0,36,3.93,Employed,0,7,42.93
LN0125,25.0,148496.0,698.0,40240.0,48,20.25,Employed,1,4,26.15
LN0126,29.0,77134.0,510.0,32253.0,60,5.2,Unemployed,0,2,22.54
LN0127,51.0,40491.0,690.0,31884.0,12,14.75,Employed,1,6,22.67
LN0128,50.0,21341.0,798.0,37854.0,24,10.9,Self-employed,1,1,32.72
LN0129,65.0,64623.0,839.0,15704.0,12,17.73,Unemployed,0,2,10.59
LN0130,40.0,110327.0,790.0,43987.0,48,6.6,Self-employed,1,8,31.08
LN0131,41.0,20338.0,741.0,,36,21.67,Self-employed,0,3,34.93
LN0132,54.0,91431.0,560.0,21322.0,24,24.47,Self-employed,1,3,24.75
LN0133,52.0,32254.0,649.0,11968.0,48,7.41,Self-employed,0,2,47.89
LN0134,61.0,71860.0,651.0,32518.0,48,5.82,Unemployed,1,4,32.37
LN0135,57.0,31344.0,819.0,32886.0,48,6.93,Employed,1,2,14.9
LN0136,39.0,21750.0,619.0,6700.0,24,26.68,Self-employed,0,8,26.56
LN0137,44.0,74756.0,437.0,33246.0,24,17.26,Unemployed,1,2,35.39
LN0138,52.0,87957.0,849.0,40468.0,60,15.62,Self-employed,0,1,19.56
LN0139,18.0,125423.0,667.0,28199.0,60,5.88,Employed,1,4,8.58
LN0140,52.0,78053.0,519.0,49589.0,12,20.54,Unemployed,1,5,31.25
LN0141,54.0,90855.0,636.0,37115.0,24,26.44,Unemployed,0,0,47.65
LN0142,64.0,35896.0,522.0,10520.0,24,25.36,Employed,1,5,26.83
LN0143,31.0,75761.0,659.0,49278.0,24,19.9,Unemployed,1,9,45.77
LN0144,20.0,82552.0,628.0,41455.0,60,5.03,Employed,0,2,42.58
LN0145,18.0,140075.0,762.0,25929.0,48,6.03,Unemployed,1,3,11.63
LN0146,22.0,97454.0,681.0,46605.0,36,4.33,Unemployed,0,5,36.87
LN0147,43.0,146522.0,468.0,19955.0,60,9.95,Employed,0,7,24.6
LN0148,31.0,,516.0,49049.0,24,6.66,Employed,0,8,16.26
LN0149,56.0,110600.0,677.0,18917.0,60,10.02,Unemployed,1,5,35.91
LN0150,44.0,142732.0,418.0,9757.0,12,13.4,Unemployed,1,6,38.42
LN0151,26.0,132153.0,489.0,18045.0,24,28.46,Employed,0,4,13.1
LN0152,32.0,142926.0,669.0,46680.0,12,19.48,Employed,1,8,46.15
LN0153,32.0,47935.0,448.0,9733.0,24,25.54,Unemployed,0,3,38.8
LN0154,43.0,,787.0,35954.0,60,22.18,Unemployed,1,9,47.0
LN0155,59.0,49711.0,673.0,36135.0,48,6.04,Unemployed,0,5,19.27
LN0156,30.0,90342.0,-50.0,12081.0,36,22.87,Employed,0,4,47.27
LN0157,68.0,126896.0,650.0,46458.0,12,10.43,Unemployed,1,0,21.58
LN0158,49.0,32182.0,587.0,28501.0,60,20.26,Self-employed,0,4,7.43
LN0159,56.0,107833.0,587.0,26113.0,48,12.21,Employed,0,4,39.33
LN0160,66.0,76276.0,525.0,39441.0,60,29.94,Unemployed,1,8,36.66
LN0161,69.0,39541.0,,29690.0,12,10.12,Employed,0,0,31.91
LN0162,49.0,114457.0,,48939.0,36,10.54,Self-employed,0,4,-10.0
LN0163,21.0,102310.0,572.0,34345.0,60,28.13,Employed,1,6,6.45
LN0164,47.0,64813.0,701.0,49571.0,24,3.67,Unemployed,0,5,33.11
LN0165,54.0,57198.0,482.0,31829.0,48,21.81,Self-employed,0,5,23.76
LN0166,40.0,28820.0,787.0,40062.0,60,22.58,Self-employed,0,6,30.21
LN0167,56.0,44070.0,423.0,8630.0,48,25.58,Unemployed,0,5,24.32
LN0168,62.0,89768.0,713.0,36870.0,24,29.31,Unemployed,0,4,48.47
LN0169,32.0,31122.0,,49942.0,36,29.34,Unemployed,0,9,32.18
LN0170,60.0,100559.0,587.0,8453.0,36,4.76,Employed,0,4,38.72
LN0171,46.0,93543.0,734.0,42275.0,24,25.19,Employed,0,8,47.14
LN0172,53.0,103441.0,412.0,48370.0,48,20.45,Employed,1,7,31.62
LN0173,30.0,61786.0,421.0,43396.0,60,20.48,Unemployed,0,9,5.54
LN0174,49.0,114934.0,843.0,13328.0,24,6.47,Unemployed,0,3,6.54
LN0175,24.0,119804.0,521.0,20534.0,12,20.56,Employed,1,3,36.61
LN0176,68.0,26737.0,338.0,24744.0,48,29.53,Self-employed,0,9,17.56
LN0177,39.0,56062.0,796.0,24389.0,36,27.62,Employed,0,4,31.07
LN0178,45.0,74237.0,532.0,41320.0,24,14.86,Self-employed,0,2,14.1
LN0179,19.0,71571.0,829.0,40010.0,36,4.08,Unemployed,0,7,17.16
LN0180,59.0,45510.0,448.0,19665.0,48,12.78,Unemployed,0,6,27.71
LN0181,62.0,39426.0,696.0,42865.0,36,25.31,Employed,0,4,48.9
LN0182,23.0,57265.0,601.0,13640.0,24,21.94,Employed,1,9,32.73
LN0183,45.0,37850.0,659.0,39716.0,48,15.4,Unemployed,1,2,47.13
LN0184,45.0,138249.0,537.0,30521.0,12,4.49,Employed,1,4,48.17
LN0185,61.0,86150.0,535.0,35049.0,24,14.53,Unemployed,1,2,14.36
LN0186,61.0,107312.0,502.0,10618.0,60,15.66,Unemployed,1,9,19.0
LN0187,-5.0,109613.0,555.0,42004.0,24,28.07,Self-employed,0,4,39.65
LN0188,47.0,94910.0,534.0,6920.0,48,20.31,Employed,0,0,44.0
LN0189,28.0,72375.0,644.0,48937.0,24,11.41,Unemployed,0,5,28.37
LN0190,45.0,141826.0,833.0,9188.0,12,17.18,Employed,0,9,49.7
LN0191,42.0,55435.0,765.0,17207.0,12,4.78,Self-employed,0,3,5.52
LN0192,56.0,116443.0,,5238.0,60,29.26,Self-employed,1,3,18.48
LN0193,50.0,,512.0,37972.0,36,12.72,Employed,1,7,33.04
LN0194,18.0,98945.0,762.0,15799.0,48,15.9,Employed,0,1,26.12
LN0195,44.0,102050.0,735.0,10552.0,48,12.59,Unemployed,0,3,10.25
LN0196,69.0,149828.0,582.0,33916.0,36,21.43,Self-employed,0,1,21.55
LN0197,30.0,115402.0,762.0,9927.0,12,20.88,Self-employed,1,0,6.15
LN0198,58.0,22983.0,706.0,32964.0,12,22.31,Self-employed,1,9,33.92
LN0199,20.0,117241.0,387.0,16164.0,24,10.24,Employed,0,2,45.17
LN0200,56.0,40662.0,343.0,42158.0,60,11.52,Unemployed,1,7,44.82
LN0201,23.0,43510.0,760.0,24071.0,60,6.38,Employed,0,5,36.48
LN0202,25.0,98187.0,577.0,11160.0,60,20.7,Employed,1,6,25.96
LN0203,44.0,60998.0,720.0,20810.0,24,4.07,Employed,1,1,28.04
LN0204,26.0,76846.0,652.0,10126.0,60,19.14,Unemployed,0,5,11.16
LN0205,-5.0,114071.0,814.0,35009.0,36,26.48,Employed,1,7,20.35
LN0206,50.0,26640.0,318.0,38584.0,24,27.05,Self-employed,1,7,13.45
LN0207,68.0,64547.0,322.0,30396.0,36,15.12,Self-employed,0,3,41.95
LN0208,59.0,,712.0,5192.0,24,15.4,Self-employed,1,5,46.16
LN0209,61.0,35317.0,,41413.0,60,5.08,Unemployed,0,4,-10.0
LN0210,41.0,135608.0,407.0,17816.0,36,21.11,Employed,1,8,37.75
LN0211,32.0,27564.0,666.0,44082.0,36,25.17,Unemployed,0,7,10.47
LN0212,49.0,47345.0,580.0,37130.0,36,9.61,Employed,0,1,32.38
LN0213,49.0,133824.0,427.0,45142.0,24,14.38,Self-employed,1,6,36.63
LN0214,41.0,114223.0,528.0,41468.0,48,25.65,Employed,1,6,25.37
LN0215,58.0,143372.0,410.0,35698.0,60,26.68,Employed,0,0,15.95
LN0216,69.0,99273.0,435.0,15655.0,36,9.57,Employed,1,0,44.48
LN0217,66.0,,661.0,35075.0,48,17.87,Unemployed,1,3,38.43
LN0218,66.0,100765.0,485.0,14359.0,60,8.2,Employed,1,4,45.49
LN0219,69.0,130017.0,428.0,41661.0,60,5.75,Employed,0,3,41.83
LN0220,29.0,94038.0,560.0,44579.0,36,27.6,Employed,0,6,49.57
LN0221,56.0,143618.0,814.0,47056.0,36,25.15,Unemployed,0,2,13.65
LN0222,19.0,,748.0,38272.0,24,23.52,Unemployed,1,6,8.9
LN0223,20.0,86081.0,403.0,47581.0,48,4.32,Unemployed,1,7,20.17
LN0224,66.0,145341.0,782.0,19671.0,48,25.78,Employed,0,5,10.81
LN0225,54.0,122650.0,523.0,32048.0,36,14.83,Self-employed,0,5,28.54
LN0226,66.0,49430.0,790.0,15738.0,60,12.24,Self-employed,1,7,33.49
LN0227,34.0,95532.0,772.0,30963.0,36,17.75,Self-employed,1,7,31.02
LN0228,66.0,47788.0,309.0,48954.0,60,5.47,Employed,1,6,16.67
LN0229,19.0,115505.0,704.0,11773.0,60,23.43,Self-employed,1,5,45.9
LN0230,19.0,68543.0,601.0,41584.0,36,18.73,Self-employed,0,5,5.95
LN0231,45.0,33919.0,530.0,34894.0,12,8.04,Self-employed,1,9,20.66
LN0232,40.0,89346.0,365.0,5717.0,48,8.08,Employed,1,5,37.35
LN0233,54.0,116122.0,411.0,16676.0,60,7.97,Self-employed,0,7,39.51
LN0234,49.0,59974.0,,9434.0,60,4.54,Self-employed,0,0,23.73
LN0235,50.0,127309.0,692.0,42825.0,12,18.87,Employed,1,4,5.76
LN0236,18.0,36371.0,799.0,34100.0,24,25.69,Unemployed,0,2,32.81
LN0237,36.0,65084.0,533.0,9994.0,12,3.47,Self-employed,1,7,7.84
LN0238,-5.0,49629.0,613.0,9234.0,12,4.32,Unemployed,1,5,9.85
LN0239,61.0,71184.0,311.0,8764.0,60,18.46,Self-employed,0,1,34.26
LN0240,43.0,81916.0,508.0,48949.0,48,25.13,Employed,0,6,19.06
LN0241,49.0,147293.0,313.0,42405.0,12,11.82,Unemployed,1,6,20.66
LN0242,23.0,93972.0,717.0,39872.0,24,12.44,Unemployed,0,4,26.91
LN0243,49.0,82187.0,736.0,47215.0,36,19.1,Unemployed,1,7,49.04
LN0244,21.0,32984.0,-50.0,28185.0,12,10.4,Unemployed,1,4,48.44
LN0245,28.0,53039.0,319.0,48442.0,12,3.72,Self-employed,1,0,23.73
LN0246,34.0,105431.0,369.0,46153.0,24,22.85,Self-employed,0,8,16.95
LN0247,55.0,103691.0,510.0,16999.0,48,19.89,Unemployed,1,3,18.62
LN0248,41.0,78606.0,400.0,41487.0,12,18.68,Self-employed,1,1,17.1
LN0249,22.0,30616.0,431.0,7581.0,12,23.03,Unemployed,1,3,28.95
LN0250,69.0,122665.0,680.0,7763.0,48,21.23,Unemployed,0,8,32.31
LN0251,51.0,125373.0,431.0,32374.0,24,8.56,Employed,1,1,27.0
LN0252,23.0,70072.0,319.0,43759.0,12,12.52,Unemployed,1,3,23.36
LN0253,39.0,44574.0,835.0,15531.0,48,6.4,Self-employed,1,1,14.51
LN0254,28.0,,526.0,30307.0,12,6.51,Unemployed,0,4,26.71
LN0255,65.0,139123.0,453.0,35835.0,36,21.26,Employed,1,2,20.35
LN0256,33.0,32676.0,768.0,16064.0,60,26.18,Self-employed,1,9,29.37
LN0257,-5.0,30816.0,704.0,16312.0,36,28.99,Employed,0,1,35.38
LN0258,26.0,52733.0,501.0,42548.0,12,19.97,Employed,0,8,33.5
LN0259,23.0,105680.0,337.0,,24,7.97,Unemployed,1,4,25.81
LN0260,33.0,22050.0,487.0,11476.0,60,5.85,Employed,1,9,30.02
LN0261,46.0,129996.0,356.0,29565.0,36,24.95,Employed,1,4,17.82
LN0262,20.0,53933.0,319.0,7382.0,48,18.63,Self-employed,0,0,6.09
LN0263,37.0,,572.0,27463.0,24,19.69,Employed,0,5,33.13
LN0264,53.0,52413.0,418.0,38402.0,36,24.1,Unemployed,1,6,16.37
LN0265,36.0,54801.0,815.0,31345.0,48,21.99,Unemployed,0,0,35.1
LN0266,43.0,75619.0,520.0,49764.0,12,25.53,Unemployed,1,8,38.62
LN0267,20.0,52913.0,825.0,31946.0,48,4.52,Employed,1,7,46.22
LN0268,36.0,132573.0,814.0,19162.0,36,23.18,Self-employed,0,7,48.12
LN0269,37.0,139076.0,635.0,13397.0,36,25.97,Unemployed,1,6,5.47
LN0270,49.0,60600.0,354.0,27335.0,12,10.73,Employed,0,4,49.57
LN0271,24.0,77775.0,799.0,19394.0,48,20.29,Unemployed,0,2,35.74
LN0272,69.0,110816.0,835.0,32197.0,48,11.48,Unemployed,1,8,33.96
LN0273,58.0,149972.0,461.0,27010.0,12,28.87,Self-employed,0,6,5.68
LN0274,50.0,110093.0,458.0,29123.0,48,3.9,Unemployed,1,9,43.76
LN0275,57.0,132590.0,487.0,27387.0,12,18.65,Self-employed,0,9,11.55
LN0276,56.0,55400.0,359.0,7890.0,24,7.5,Employed,1,7,42.68
LN0277,35.0,24494.0,618.0,32769.0,36,22.23,Unemployed,1,5,5.7
LN0278,57.0,,510.0,48626.0,24,7.75,Employed,1,4,34.07
LN0279,18.0,142744.0,705.0,,60,9.36,Employed,0,7,24.57
LN0280,28.0,109431.0,408.0,8306.0,60,16.35,Employed,1,2,14.03
LN0281,45.0,94691.0,375.0,38665.0,60,27.7,Unemployed,0,6,9.84
LN0282,42.0,117419.0,841.0,14277.0,12,8.72,Self-employed,0,1,24.81
LN0283,67.0,128730.0,613.0,47239.0,48,6.89,Unemployed,0,2,10.55
LN0284,40.0,,416.0,19683.0,24,23.49,Employed,0,1,26.89
LN0285,48.0,87364.0,318.0,,24,16.52,Self-employed,0,4,33.13
LN0286,47.0,144988.0,731.0,28675.0,24,27.62,Employed,1,6,42.23
LN0287,59.0,65028.0,649.0,22889.0,24,6.96,Self-employed,0,9,35.54
LN0288,52.0,127434.0,482.0,49535.0,60,20.44,Unemployed,1,9,7.93
LN0289,24.0,117659.0,412.0,18006.0,24,9.29,Self-employed,1,0,18.83
LN0290,33.0,57573.0,482.0,31531.0,48,7.23,Unemployed,0,9,17.96
LN0291,43.0,20806.0,780.0,26639.0,60,21.45,Employed,1,8,46.18
LN0292,65.0,144343.0,445.0,21633.0,24,19.03,Self-employed,1,0,44.05
LN0293,69.0,76638.0,412.0,39660.0,12,23.38,Employed,0,0,21.66
LN0294,66.0,148301.0,775.0,8439.0,36,11.36,Self-employed,1,9,8.2
LN0295,19.0,146295.0,,37172.0,36,15.1,Unemployed,0,7,45.23
LN0296,18.0,126506.0,417.0,40622.0,36,13.95,Self-employed,0,5,44.97
LN0297,65.0,49757.0,460.0,16577.0,60,29.57,Self-employed,0,5,43.46
LN0298,29.0,,700.0,16763.0,24,10.89,Unemployed,1,8,43.03
LN0299,22.0,100097.0,497.0,25176.0,60,10.96,Unemployed,1,3,26.61
LN0300,54.0,68280.0,559.0,49386.0,48,12.57,Unemployed,1,7,12.98
LN0301,49.0,44262.0,346.0,29255.0,12,18.24,Self-employed,1,3,26.49
LN0302,26.0,100435.0,698.0,46003.0,12,9.81,Employed,0,1,27.26
LN0303,58.0,82211.0,377.0,24996.0,36,27.71,Self-employed,0,7,27.05
LN0304,52.0,74842.0,423.0,40386.0,36,10.17,Self-employed,1,6,29.24
LN0305,36.0,148583.0,374.0,26062.0,36,27.19,Employed,0,3,16.59
LN0306,65.0,76979.0,436.0,40931.0,24,5.79,Unemployed,1,8,21.48
LN0307,33.0,134524.0,699.0,40710.0,48,20.73,Self-employed,0,8,24.54
LN0308,20.0,101470.0,,39693.0,48,27.49,Employed,0,7,10.9
LN0309,37.0,58197.0,799.0,40740.0,48,7.56,Unemployed,0,0,25.49
LN0310,41.0,61844.0,437.0,16705.0,48,29.14,Unemployed,0,6,41.47
LN0311,50.0,84754.0,349.0,48408.0,36,15.23,Self-employed,0,4,42.26
LN0312,41.0,121868.0,553.0,33047.0,12,28.53,Unemployed,1,6,23.52
LN0313,69.0,54157.0,725.0,15966.0,36,21.27,Unemployed,1,8,28.35
LN0314,28.0,97129.0,846.0,22374.0,48,11.14,Employed,0,1,6.51
LN0315,66.0,60042.0,601.0,16138.0,36,8.08,Employed,1,3,35.35
LN0316,25.0,,648.0,20935.0,48,11.2,Unemployed,0,3,23.21
LN0317,53.0,135512.0,348.0,5489.0,60,5.51,Employed,0,1,25.05
LN0318,55.0,136953.0,373.0,49516.0,12,6.88,Unemployed,0,2,44.32
LN0319,57.0,102856.0,,27260.0,60,5.83,Self-employed,0,7,25.78
LN0320,37.0,47376.0,655.0,31069.0,24,14.42,Employed,1,8,5.95
LN0321,52.0,129049.0,559.0,24275.0,36,24.48,Unemployed,0,5,15.24
LN0322,65.0,75554.0,594.0,41284.0,24,6.82,Unemployed,1,9,26.4
LN0323,42.0,34199.0,612.0,44178.0,36,6.52,Employed,0,1,24.1
LN0324,52.0,,481.0,37821.0,60,20.37,Employed,0,1,43.72
LN0325,42.0,101412.0,663.0,21999.0,48,8.32,Self-employed,1,6,29.4
LN0326,46.0,70948.0,487.0,43712.0,48,5.64,Unemployed,0,7,-10.0
LN0327,35.0,93781.0,842.0,45172.0,36,7.5,Self-employed,0,7,26.12
LN0328,63.0,92750.0,847.0,38722.0,48,27.94,Self-employed,1,5,24.78
LN0329,35.0,86262.0,707.0,15625.0,60,25.18,Self-employed,1,9,25.08
LN0330,19.0,137424.0,713.0,6629.0,48,12.56,Employed,1,7,23.49
LN0331,52.0,66600.0,641.0,15973.0,60,20.71,Self-employed,0,0,29.24
LN0332,33.0,96898.0,,11859.0,24,17.51,Employed,0,8,16.27
LN0333,58.0,82483.0,462.0,,60,21.28,Employed,1,0,45.1
LN0334,53.0,38297.0,519.0,48307.0,12,21.43,Self-employed,1,2,19.99
LN0335,50.0,50448.0,569.0,41046.0,12,19.98,Self-employed,0,8,11.64
LN0336,21.0,46172.0,699.0,26839.0,12,10.18,Unemployed,0,4,9.34
LN0337,50.0,62874.0,481.0,32216.0,36,4.05,Self-employed,1,8,5.6
LN0338,31.0,27657.0,504.0,23945.0,36,15.3,Unemployed,1,8,24.03
LN0339,38.0,104386.0,527.0,11539.0,36,27.06,Self-employed,1,5,13.44
LN0340,65.0,145617.0,549.0,38625.0,60,18.38,Self-employed,1,0,5.97
LN0341,37.0,45425.0,740.0,9886.0,36,25.47,Self-employed,0,9,28.4
LN0342,25.0,46685.0,832.0,12485.0,24,29.77,Self-employed,0,6,35.6
LN0343,24.0,142000.0,495.0,36455.0,12,7.42,Unemployed,0,5,8.86
LN0344,20.0,132855.0,818.0,21767.0,60,21.68,Unemployed,0,8,25.74
LN0345,34.0,44578.0,369.0,33453.0,12,21.21,Self-employed,1,6,38.46
LN0346,50.0,48831.0,698.0,15744.0,36,29.46,Self-employed,0,3,49.36
LN0347,65.0,27906.0,502.0,42102.0,60,29.61,Unemployed,1,6,35.02
LN0348,29.0,81413.0,447.0,17226.0,48,21.54,Employed,0,1,16.02
LN0349,68.0,74028.0,771.0,32869.0,24,9.58,Employed,0,5,37.24
LN0350,39.0,27287.0,498.0,27588.0,36,24.56,Employed,0,5,31.91
LN0351,-5.0,53660.0,725.0,18440.0,36,5.89,Unemployed,1,1,14.53
LN0352,63.0,95758.0,791.0,36709.0,24,24.08,Unemployed,0,3,43.3
LN0353,47.0,80504.0,441.0,27495.0,24,27.58,Employed,1,7,24.23
LN0354,55.0,79720.0,612.0,42019.0,48,13.34,Employed,1,7,48.29
LN0355,55.0,122979.0,464.0,49948.0,36,20.03,Self-employed,0,7,37.53
LN0356,62.0,54701.0,613.0,5922.0,36,14.61,Unemployed,1,7,34.01
LN0357,68.0,103300.0,320.0,32526.0,12,14.82,Unemployed,0,0,37.78
LN0358,25.0,130177.0,-50.0,12957.0,60,11.38,Employed,1,1,26.51
LN0359,44.0,37674.0,430.0,38998.0,60,23.58,Employed,0,3,27.74
LN0360,44.0,103560.0,604.0,48395.0,12,28.28,Unemployed,1,8,43.3
LN0361,51.0,131543.0,670.0,29031.0,60,28.4,Self-employed,1,2,35.64
LN0362,38.0,43874.0,683.0,15006.0,24,7.72,Employed,0,5,45.38
LN0363,47.0,63642.0,744.0,,60,26.62,Unemployed,0,6,45.09
LN0364,50.0,143867.0,724.0,30939.0,60,22.91,Unemployed,0,7,48.94
LN0365,45.0,117820.0,460.0,25324.0,12,9.83,Self-employed,0,6,36.51
LN0366,64.0,85160.0,477.0,27867.0,48,4.82,Self-employed,1,2,27.6
LN0367,50.0,37602.0,789.0,5203.0,60,10.24,Employed,1,5,12.48
LN0368,22.0,123320.0,626.0,21544.0,60,27.63,Employed,1,4,36.74
LN0369,65.0,108801.0,588.0,20899.0,48,20.1,Employed,1,9,18.12
LN0370,36.0,45931.0,653.0,34063.0,12,22.47,Unemployed,0,3,17.73
LN0371,21.0,114377.0,327.0,30344.0,48,9.94,Employed,1,0,15.72
LN0372,52.0,49192.0,342.0,8748.0,12,22.42,Unemployed,0,6,44.38
LN0373,-5.0,66542.0,722.0,44486.0,24,3.76,Employed,1,7,44.06
LN0374,34.0,147015.0,1000.0,6093.0,12,13.13,Self-employed,0,1,33.39
LN0375,61.0,62520.0,828.0,20228.0,24,19.92,Self-employed,0,6,26.28
LN0376,45.0,84772.0,793.0,25884.0,24,6.94,Unemployed,0,5,35.25
LN0377,47.0,78762.0,497.0,30183.0,12,25.22,Self-employed,0,4,32.33
LN0378,46.0,70106.0,816.0,21034.0,36,9.35,Unemployed,0,3,23.71
LN0379,63.0,101121.0,813.0,10710.0,12,20.61,Unemployed,1,1,22.08
LN0380,23.0,45559.0,-50.0,47500.0,60,13.94,Self-employed,0,9,22.23
LN0381,150.0,125595.0,411.0,24259.0,60,19.09,Unemployed,1,5,31.51
LN0382,58.0,53742.0,356.0,40959.0,36,5.9,Self-employed,1,4,34.15
LN0383,54.0,89669.0,365.0,38457.0,24,3.46,Employed,0,1,25.33
LN0384,41.0,100199.0,397.0,25143.0,36,27.56,Employed,1,9,48.59
LN0385,46.0,41754.0,443.0,7103.0,60,10.28,Self-employed,1,6,8.77
LN0386,66.0,23972.0,734.0,5365.0,36,25.13,Self-employed,1,5,20.62
LN0387,63.0,90831.0,385.0,,12,29.98,Self-employed,0,8,23.86
LN0388,48.0,132217.0,643.0,21103.0,36,8.71,Self-employed,0,9,5.76
LN0389,52.0,61873.0,593.0,37510.0,24,10.16,Employed,0,4,21.42
LN0390,50.0,114661.0,542.0,29476.0,12,20.9,Unemployed,0,8,17.32
LN0391,69.0,126532.0,331.0,17742.0,48,29.07,Unemployed,1,8,27.77
LN0392,38.0,146267.0,690.0,17391.0,60,27.73,Employed,1,0,20.14
LN0393,49.0,,576.0,41940.0,60,16.58,Unemployed,1,4,37.68
LN0394,40.0,23020.0,,33901.0,36,24.47,Employed,1,8,27.95
LN0395,50.0,61755.0,453.0,37001.0,12,6.67,Unemployed,1,6,10.84
LN0396,20.0,105956.0,682.0,20623.0,48,29.39,Self-employed,1,5,38.75
LN0397,35.0,106988.0,367.0,7378.0,12,29.04,Self-employed,0,5,9.47
LN0398,42.0,65648.0,513.0,26372.0,60,7.42,Self-employed,1,6,42.76
LN0399,59.0,123537.0,,49799.0,12,11.08,Employed,1,0,46.91
LN0400,48.0,145991.0,512.0,43437.0,48,5.7,Employed,1,3,19.51
LN0401,20.0,29516.0,378.0,40503.0,36,10.34,Unemployed,0,0,46.68
LN0402,57.0,132863.0,680.0,35746.0,24,25.03,Unemployed,1,5,40.69
LN0403,63.0,135005.0,357.0,32923.0,12,13.21,Unemployed,1,3,46.51
LN0404,41.0,22396.0,325.0,14867.0,24,5.39,Employed,0,0,34.98
LN0405,67.0,104082.0,746.0,46258.0,60,12.24,Unemployed,1,8,15.6
LN0406,49.0,39129.0,365.0,38724.0,36,29.5,Self-employed,0,3,45.25
LN0407,64.0,148322.0,553.0,14306.0,36,20.0,Unemployed,0,5,13.29
LN0408,39.0,21591.0,343.0,44391.0,12,14.24,Self-employed,1,6,14.59
LN0409,40.0,31303.0,396.0,19908.0,36,7.5,Employed,1,7,17.2
LN0410,19.0,50561.0,526.0,32081.0,12,29.63,Self-employed,0,8,18.69
LN0411,44.0,91719.0,735.0,42228.0,12,25.16,Self-employed,1,8,28.15
LN0412,59.0,138618.0,-50.0,28386.0,24,10.6,Self-employed,1,7,37.11
LN0413,19.0,112108.0,477.0,33302.0,36,4.89,Employed,0,9,46.68
LN0414,43.0,148748.0,726.0,24212.0,12,4.53,Employed,0,2,8.98
LN0415,34.0,119616.0,606.0,40618.0,24,6.25,Employed,1,1,47.95
LN0416,57.0,144165.0,1000.0,15698.0,48,18.68,Employed,0,4,46.46
LN0417,50.0,106231.0,567.0,9594.0,24,28.08,Unemployed,1,0,7.43
LN0418,26.0,27314.0,307.0,30525.0,24,16.41,Employed,1,2,21.21
LN0419,60.0,137071.0,807.0,19282.0,12,25.76,Self-employed,1,0,41.59
LN0420,65.0,39623.0,775.0,19334.0,60,15.04,Employed,1,2,32.52
LN0421,56.0,,596.0,34179.0,60,22.13,Unemployed,0,3,40.06
LN0422,46.0,132992.0,463.0,11644.0,60,22.76,Unemployed,1,6,37.36
LN0423,59.0,116826.0,784.0,40618.0,24,7.7,Unemployed,0,4,27.35
LN0424,43.0,85082.0,371.0,37933.0,12,12.75,Self-employed,1,4,6.85
LN0425,52.0,149839.0,537.0,48469.0,36,20.21,Employed,1,0,31.29
LN0426,67.0,103624.0,403.0,38687.0,24,4.91,Employed,0,7,7.19
LN0427,42.0,125228.0,509.0,46073.0,24,12.76,Employed,1,3,32.17
LN0428,41.0,53130.0,767.0,22375.0,12,17.44,Self-employed,0,9,41.02
LN0429,30.0,71756.0,753.0,35926.0,48,29.9,Self-employed,0,4,31.32
LN0430,24.0,117624.0,567.0,41607.0,24,15.81,Unemployed,1,1,49.87
LN0431,53.0,46292.0,685.0,22642.0,48,25.03,Unemployed,1,0,25.51
LN0432,62.0,131785.0,686.0,28993.0,48,14.67,Employed,1,8,38.7
LN0433,37.0,147331.0,558.0,49386.0,60,24.5,Self-employed,1,1,35.02
LN0434,18.0,,582.0,26188.0,12,19.08,Self-employed,0,5,49.61
LN0435,25.0,89274.0,339.0,37596.0,48,26.94,Employed,1,0,37.09
LN0436,63.0,22469.0,785.0,32772.0,12,14.1,Employed,1,0,12.38
LN0437,33.0,73947.0,519.0,35857.0,60,19.32,Unemployed,1,8,48.0
LN0438,31.0,42534.0,,15776.0,12,20.01,Unemployed,1,3,35.05
LN0439,29.0,83620.0,819.0,37835.0,24,14.27,Unemployed,1,8,7.67
LN0440,68.0,68874.0,559.0,14788.0,48,6.9,Employed,0,4,34.59
LN0441,40.0,69708.0,665.0,10660.0,12,5.53,Employed,1,6,44.74
LN0442,32.0,94553.0,843.0,9478.0,36,3.45,Unemployed,0,0,30.97
LN0443,45.0,88344.0,823.0,13210.0,12,26.59,Unemployed,1,5,20.93
LN0444,51.0,69138.0,315.0,15922.0,48,9.38,Self-employed,1,7,41.94
LN0445,19.0,74302.0,428.0,41289.0,60,8.71,Self-employed,1,0,40.21
LN0446,49.0,67638.0,,38340.0,60,22.87,Unemployed,0,8,29.49
LN0447,40.0,98249.0,832.0,44850.0,48,11.64,Unemployed,1,2,11.95
LN0448,39.0,125865.0,568.0,43163.0,24,16.66,Self-employed,0,0,16.29
LN0449,68.0,22719.0,461.0,23642.0,24,7.39,Unemployed,0,0,38.23
LN0450,42.0,42890.0,559.0,16094.0,60,28.91,Self-employed,1,5,41.27
LN0451,39.0,97236.0,401.0,27423.0,60,25.99,Self-employed,0,5,17.57
LN0452,39.0,56509.0,805.0,38418.0,48,26.32,Self-employed,1,0,21.56
LN0453,66.0,62534.0,546.0,10741.0,24,13.98,Employed,1,2,8.49
LN0454,69.0,122302.0,836.0,11838.0,60,23.58,Employed,0,6,37.11
LN0455,59.0,112241.0,430.0,8262.0,24,6.88,Unemployed,1,9,5.16
LN0456,23.0,38787.0,652.0,9996.0,60,3.23,Self-employed,1,2,7.09
LN0457,32.0,146209.0,495.0,49594.0,12,3.54,Employed,0,2,5.2
LN0458,60.0,68845.0,681.0,27164.0,36,18.84,Unemployed,0,2,34.04
LN0459,54.0,77932.0,526.0,40595.0,12,15.3,Unemployed,0,6,23.78
LN0460,50.0,112124.0,775.0,35257.0,60,16.99,Unemployed,0,3,18.39
LN0461,25.0,111659.0,776.0,19211.0,36,3.2,Unemployed,0,3,46.07
LN0462,61.0,53062.0,564.0,35453.0,36,14.41,Unemployed,0,2,13.68
LN0463,61.0,95713.0,671.0,10232.0,60,22.39,Self-employed,1,9,22.52
LN0464,22.0,107263.0,1000.0,7217.0,60,14.95,Unemployed,0,8,47.31
LN0465,56.0,115756.0,733.0,29229.0,24,22.77,Self-employed,0,1,24.22
LN0466,21.0,80461.0,510.0,19232.0,60,9.29,Employed,1,3,29.96
LN0467,23.0,95418.0,676.0,30613.0,48,24.95,Unemployed,1,7,8.62
LN0468,62.0,86672.0,694.0,19026.0,60,18.89,Employed,0,5,40.56
LN0469,49.0,148232.0,749.0,33554.0,48,8.69,Self-employed,0,6,24.02
LN0470,69.0,54832.0,663.0,35908.0,60,9.39,Self-employed,1,6,41.02
LN0471,47.0,147335.0,756.0,24610.0,24,19.96,Employed,0,1,16.42
LN0472,64.0,51966.0,525.0,44605.0,48,25.41,Unemployed,0,3,24.01
LN0473,52.0,92545.0,1000.0,12031.0,12,14.22,Unemployed,1,9,40.39
LN0474,57.0,32987.0,775.0,30515.0,48,9.97,Employed,0,9,48.82
LN0475,69.0,57311.0,576.0,41484.0,24,26.41,Employed,1,5,7.68
LN0476,33.0,51575.0,455.0,41182.0,48,21.07,Employed,0,2,41.56
LN0477,30.0,83852.0,517.0,5570.0,60,15.1,Unemployed,1,8,18.53
LN0478,67.0,147650.0,489.0,37254.0,60,16.17,Unemployed,1,3,29.78
LN0479,59.0,21007.0,716.0,24288.0,24,8.51,Unemployed,1,9,18.05
LN0480,47.0,90981.0,845.0,18288.0,36,19.92,Employed,0,1,32.61
LN0481,36.0,96242.0,340.0,34877.0,60,12.69,Unemployed,1,5,20.92
LN0482,34.0,67517.0,606.0,23889.0,12,29.88,Self-employed,0,0,20.01
LN0483,36.0,130022.0,637.0,5917.0,24,15.96,Employed,1,5,6.71
LN0484,45.0,49257.0,613.0,15066.0,48,16.12,Unemployed,1,9,-10.0
LN0485,43.0,107272.0,374.0,34504.0,48,18.28,Employed,1,0,46.27
LN0486,54.0,62207.0,578.0,11982.0,12,27.75,Self-employed,0,7,49.92
LN0487,43.0,33281.0,475.0,44104.0,60,24.62,Self-employed,0,4,40.12
LN0488,40.0,81246.0,572.0,23062.0,24,15.18,Employed,1,5,17.91
LN0489,26.0,21435.0,588.0,21999.0,12,22.4,Employed,0,1,23.11
LN0490,29.0,118875.0,571.0,14941.0,60,18.83,Self-employed,0,1,38.28
LN0491,18.0,120686.0,365.0,28470.0,24,16.29,Employed,0,8,48.58
LN0492,18.0,111357.0,782.0,26133.0,48,8.19,Self-employed,1,2,-10.0
LN0493,64.0,,547.0,49435.0,24,15.53,Self-employed,0,5,42.33
LN0494,51.0,25084.0,455.0,9529.0,36,9.64,Unemployed,1,9,48.88
LN0495,49.0,,346.0,22519.0,24,27.7,Employed,1,4,44.31
LN0496,65.0,33507.0,753.0,17192.0,36,12.06,Employed,1,3,15.22
LN0497,42.0,92595.0,500.0,13566.0,24,28.71,Unemployed,0,9,5.36
LN0498,57.0,103807.0,423.0,12226.0,36,17.39,Self-employed,1,1,27.14
LN0499,62.0,65539.0,300.0,42930.0,48,20.05,Employed,0,7,28.91
LN0500,18.0,135953.0,490.0,26259.0,60,17.66,Unemployed,0,9,14.06
LN0501,33.0,27491.0,815.0,39087.0,36,6.49,Unemployed,1,6,17.81
LN0502,56.0,147706.0,741.0,6141.0,36,13.15,Employed,1,1,39.43
LN0503,22.0,132831.0,442.0,9627.0,48,5.68,Unemployed,1,5,26.17
LN0504,39.0,70192.0,490.0,,36,19.82,Self-employed,0,7,19.28
LN0505,46.0,100395.0,832.0,45091.0,12,15.07,Unemployed,0,6,33.02
LN0506,20.0,143797.0,526.0,8255.0,48,24.01,Self-employed,1,0,34.37
LN0507,29.0,83888.0,612.0,10213.0,12,8.95,Self-employed,1,4,39.62
LN0508,43.0,93609.0,601.0,41876.0,48,7.44,Employed,0,1,12.05
LN0509,33.0,29077.0,759.0,24404.0,36,13.97,Unemployed,0,5,120.0
LN0510,68.0,137440.0,700.0,30380.0,12,28.02,Self-employed,1,6,31.97
LN0511,54.0,142901.0,692.0,30520.0,36,22.18,Self-employed,0,6,7.59
LN0512,39.0,40953.0,506.0,24173.0,48,14.31,Unemployed,0,2,39.99
LN0513,46.0,96919.0,509.0,28989.0,36,16.97,Self-employed,0,6,22.24
LN0514,31.0,134682.0,414.0,47570.0,12,5.27,Unemployed,0,4,19.87
LN0515,45.0,141041.0,550.0,29519.0,12,29.58,Employed,0,7,25.16
LN0516,22.0,87889.0,518.0,27439.0,36,20.99,Self-employed,0,7,20.58
LN0517,64.0,43821.0,706.0,16413.0,24,10.71,Self-employed,1,6,20.22
LN0518,66.0,57567.0,742.0,19995.0,48,18.82,Unemployed,0,5,41.36
LN0519,47.0,135374.0,653.0,28559.0,48,5.96,Unemployed,1,1,10.6
LN0520,63.0,44860.0,849.0,28513.0,36,29.08,Unemployed,1,5,48.68
LN0521,69.0,41195.0,441.0,10021.0,24,7.72,Unemployed,0,8,29.97
LN0522,22.0,97475.0,800.0,37464.0,12,20.5,Self-employed,1,1,13.23
LN0523,29.0,110874.0,846.0,26119.0,60,9.63,Employed,1,0,10.9
LN0524,33.0,107266.0,841.0,34299.0,60,22.37,Employed,1,4,31.62
LN0525,43.0,41427.0,806.0,44350.0,36,23.97,Employed,0,5,33.48
LN0526,43.0,120732.0,580.0,30517.0,24,21.18,Employed,1,2,7.39
LN0527,65.0,47083.0,723.0,18117.0,24,19.59,Unemployed,0,7,15.94
LN0528,38.0,107046.0,569.0,,48,27.1,Self-employed,1,6,40.8
LN0529,56.0,77372.0,453.0,23950.0,12,5.12,Self-employed,1,1,7.23
LN0530,53.0,143786.0,382.0,22359.0,24,11.93,Self-employed,1,6,43.48
LN0531,50.0,64064.0,725.0,28596.0,60,9.7,Unemployed,1,0,34.62
LN0532,47.0,27813.0,574.0,30530.0,12,29.68,Self-employed,0,8,24.55
LN0533,54.0,51598.0,583.0,6262.0,12,13.51,Unemployed,1,6,20.59
LN0534,40.0,132718.0,472.0,45150.0,36,22.78,Self-employed,1,5,5.87
LN0535,27.0,146879.0,626.0,27615.0,24,21.49,Employed,0,1,42.13
LN0536,22.0,113106.0,362.0,8327.0,36,8.73,Unemployed,0,2,11.42
LN0537,53.0,47082.0,372.0,34768.0,24,9.45,Self-employed,0,0,120.0
LN0538,51.0,49241.0,674.0,33850.0,48,10.59,Employed,1,9,30.61
LN0539,69.0,116214.0,807.0,47788.0,36,14.1,Employed,0,4,16.07
LN0540,48.0,64569.0,697.0,21848.0,36,9.33,Employed,0,8,27.37
LN0541,27.0,31745.0,419.0,44542.0,60,3.53,Unemployed,0,5,41.42
LN0542,36.0,46029.0,736.0,20160.0,36,26.74,Unemployed,0,4,26.17
LN0543,49.0,33025.0,764.0,38998.0,24,29.07,Self-employed,0,2,47.7
LN0544,18.0,,585.0,32230.0,60,12.22,Employed,0,4,43.14
LN0545,22.0,143395.0,564.0,14076.0,36,12.14,Self-employed,1,7,19.99
LN0546,62.0,34288.0,619.0,8805.0,36,3.19,Self-employed,0,1,23.0
LN0547,21.0,109186.0,675.0,36085.0,48,21.37,Employed,1,4,24.05
LN0548,33.0,26540.0,388.0,19715.0,36,25.29,Self-employed,0,5,33.18
LN0549,41.0,117768.0,502.0,10750.0,12,6.96,Unemployed,0,9,17.91
LN0550,33.0,101958.0,633.0,18232.0,60,7.31,Self-employed,0,7,48.62
LN0551,19.0,88878.0,521.0,40903.0,12,24.33,Employed,1,7,32.39
LN0552,66.0,61846.0,340.0,11953.0,60,19.64,Unemployed,0,4,22.97
LN0553,45.0,121148.0,367.0,37093.0,48,4.21,Unemployed,0,8,34.03
LN0554,49.0,95932.0,813.0,30500.0,36,19.81,Self-employed,0,3,22.79
LN0555,44.0,37482.0,426.0,27418.0,36,11.34,Self-employed,0,8,41.8
LN0556,37.0,43411.0,554.0,39314.0,36,12.96,Unemployed,1,6,30.55
LN0557,41.0,70975.0,315.0,27449.0,60,23.78,Self-employed,1,5,6.89
LN0558,29.0,80545.0,776.0,22478.0,36,24.9,Employed,1,3,12.95
LN0559,67.0,132302.0,361.0,40179.0,12,13.81,Self-employed,1,1,43.92
LN0560,52.0,98797.0,731.0,30338.0,36,28.57,Self-employed,1,7,30.33
LN0561,50.0,72307.0,567.0,31899.0,48,13.97,Unemployed,0,5,47.77
LN0562,-5.0,23093.0,334.0,9145.0,12,23.84,Self-employed,0,2,8.26
LN0563,-5.0,97258.0,793.0,37101.0,36,16.06,Self-employed,0,6,18.29
LN0564,60.0,42042.0,768.0,7775.0,36,27.23,Self-employed,1,9,13.71
LN0565,54.0,72930.0,624.0,36647.0,24,27.51,Employed,0,6,29.92
LN0566,29.0,137584.0,603.0,24539.0,60,5.36,Self-employed,1,5,22.23
LN0567,-5.0,64413.0,575.0,41738.0,12,28.29,Employed,0,1,12.08
LN0568,18.0,133387.0,500.0,31616.0,24,25.29,Employed,1,7,33.92
LN0569,50.0,113623.0,744.0,19119.0,48,24.37,Employed,0,0,29.13
LN0570,57.0,117883.0,623.0,30159.0,60,8.42,Employed,0,0,17.36
LN0571,27.0,53756.0,334.0,42099.0,12,24.74,Unemployed,0,5,26.59
LN0572,60.0,73268.0,781.0,15295.0,36,25.95,Employed,0,4,38.56
LN0573,61.0,59214.0,779.0,39710.0,12,10.81,Self-employed,1,8,14.24
LN0574,46.0,101871.0,364.0,29685.0,36,28.71,Employed,0,6,18.18
LN0575,30.0,147844.0,307.0,30479.0,60,4.35,Self-employed,0,1,20.57
LN0576,29.0,48602.0,600.0,38629.0,36,7.05,Employed,0,6,38.6
LN0577,48.0,73331.0,642.0,47043.0,48,17.51,Unemployed,1,2,43.11
LN0578,63.0,68901.0,730.0,22033.0,36,18.55,Employed,0,0,21.94
LN0579,19.0,119986.0,723.0,41902.0,48,20.42,Employed,0,7,18.35
LN0580,68.0,83416.0,631.0,49571.0,60,3.46,Unemployed,0,2,45.03
LN0581,67.0,52196.0,737.0,20408.0,60,28.93,Employed,0,7,49.97
LN0582,52.0,,473.0,22420.0,12,4.2,Self-employed,0,6,35.17
LN0583,40.0,25626.0,826.0,21351.0,48,6.86,Employed,1,1,49.55
LN0584,34.0,27424.0,325.0,9131.0,48,3.38,Employed,1,0,34.7
LN0585,43.0,32857.0,705.0,49825.0,24,18.31,Employed,1,6,38.01
LN0586,25.0,130459.0,531.0,16349.0,24,28.17,Unemployed,0,0,22.49
LN0587,46.0,135621.0,832.0,49254.0,24,20.98,Employed,1,5,24.48
LN0588,43.0,39982.0,849.0,43225.0,36,25.21,Employed,0,9,11.49
LN0589,27.0,96961.0,804.0,43847.0,24,3.36,Self-employed,0,9,42.02
LN0590,43.0,21980.0,478.0,17453.0,48,17.63,Employed,0,7,46.9
LN0591,51.0,68290.0,431.0,,36,15.41,Employed,0,6,33.05
LN0592,68.0,46431.0,754.0,23263.0,60,16.47,Employed,1,3,20.46
LN0593,58.0,104976.0,1000.0,17158.0,12,4.95,Employed,1,0,11.93
LN0594,24.0,127288.0,839.0,20735.0,24,21.48,Self-employed,1,0,16.93
LN0595,21.0,102711.0,705.0,20830.0,60,16.59,Self-employed,0,3,16.49
LN0596,67.0,134187.0,375.0,49673.0,48,23.66,Unemployed,1,4,32.61
LN0597,62.0,46385.0,791.0,28926.0,12,16.1,Employed,1,6,47.53
LN0598,28.0,58158.0,493.0,39779.0,60,7.03,Unemployed,0,3,7.17
LN0599,46.0,43019.0,461.0,8373.0,12,20.5,Unemployed,1,9,5.05
LN0600,53.0,38639.0,646.0,15335.0,24,7.65,Employed,0,0,32.01
LN0601,42.0,105530.0,660.0,,48,26.55,Self-employed,1,9,17.78
LN0602,38.0,119911.0,386.0,15692.0,12,19.55,Self-employed,1,6,44.62
LN0603,53.0,41563.0,561.0,39057.0,60,7.24,Employed,1,1,19.73
LN0604,27.0,59341.0,513.0,6447.0,24,28.98,Employed,0,1,18.04
LN0605,54.0,135672.0,561.0,24583.0,24,17.0,Self-employed,1,7,17.13
LN0606,26.0,25776.0,582.0,27765.0,60,4.97,Employed,1,9,11.52
LN0607,41.0,56444.0,766.0,28906.0,60,19.92,Employed,1,9,31.17
LN0608,52.0,88916.0,679.0,24567.0,12,9.84,Employed,1,9,12.57
LN0609,66.0,28711.0,661.0,19139.0,36,24.7,Self-employed,0,4,24.11
LN0610,52.0,94318.0,748.0,43230.0,24,25.08,Unemployed,0,9,25.74
LN0611,65.0,102970.0,740.0,24520.0,12,29.43,Unemployed,1,1,5.92
LN0612,53.0,132301.0,392.0,24702.0,60,16.55,Employed,1,4,5.76
LN0613,35.0,105553.0,723.0,30566.0,12,15.28,Self-employed,1,7,28.41
LN0614,66.0,50707.0,441.0,12657.0,60,23.34,Employed,0,5,36.32
LN0615,56.0,59110.0,590.0,42688.0,48,6.58,Self-employed,1,2,47.4
LN0616,49.0,149410.0,731.0,35134.0,60,17.77,Employed,1,7,13.06
LN0617,41.0,81788.0,348.0,15345.0,60,17.75,Self-employed,0,8,9.65
LN0618,40.0,102879.0,601.0,46185.0,60,5.42,Self-employed,0,4,7.34
LN0619,49.0,58827.0,489.0,32413.0,36,14.29,Unemployed,0,1,24.62
LN0620,54.0,127188.0,435.0,10208.0,60,26.04,Employed,1,1,33.04
LN0621,29.0,25655.0,703.0,38455.0,24,26.12,Unemployed,0,6,42.82
LN0622,66.0,64859.0,640.0,33018.0,24,5.68,Unemployed,0,0,35.72
LN0623,30.0,73625.0,,13080.0,12,5.45,Self-employed,1,9,14.38
LN0624,40.0,72098.0,662.0,26902.0,36,10.09,Employed,0,1,25.78
LN0625,42.0,35251.0,681.0,14486.0,12,26.62,Self-employed,1,9,45.97
LN0626,52.0,142413.0,532.0,43862.0,24,6.48,Self-employed,1,3,19.7
LN0627,58.0,20526.0,643.0,26158.0,24,22.44,Self-employed,0,0,27.44
LN0628,47.0,88760.0,848.0,45460.0,48,5.73,Employed,1,3,48.14
LN0629,34.0,67837.0,828.0,48856.0,60,19.82,Employed,0,9,38.06
LN0630,66.0,145133.0,482.0,40871.0,24,12.61,Self-employed,0,4,38.65
LN0631,37.0,149478.0,340.0,40208.0,12,24.3,Employed,0,8,16.36
LN0632,65.0,31536.0,696.0,25519.0,12,9.31,Self-employed,1,0,23.66
LN0633,42.0,48541.0,793.0,36379.0,60,20.26,Employed,0,4,8.71
LN0634,39.0,99083.0,632.0,33378.0,60,9.36,Employed,1,1,32.29
LN0635,30.0,71027.0,426.0,44892.0,48,22.27,Unemployed,1,8,9.67
LN0636,36.0,54531.0,300.0,19031.0,36,26.59,Self-employed,1,5,42.62
LN0637,66.0,28712.0,467.0,19536.0,12,6.42,Unemployed,0,1,41.65
LN0638,53.0,124101.0,318.0,5446.0,60,26.4,Unemployed,1,2,29.01
LN0639,29.0,85455.0,631.0,41683.0,12,19.03,Self-employed,1,7,11.35
LN0640,58.0,94744.0,755.0,22618.0,60,6.43,Self-employed,0,0,6.15
LN0641,36.0,141787.0,408.0,11587.0,24,14.54,Employed,0,2,40.85
LN0642,29.0,149749.0,567.0,36480.0,12,7.34,Self-employed,1,9,32.01
LN0643,26.0,25109.0,744.0,37994.0,24,21.91,Unemployed,1,0,36.99
LN0644,24.0,141332.0,539.0,,12,23.49,Unemployed,0,7,18.67
LN0645,45.0,69268.0,600.0,28569.0,36,5.86,Self-employed,1,0,27.93
LN0646,31.0,120737.0,402.0,16151.0,48,16.67,Unemployed,1,4,38.62
LN0647,48.0,74615.0,549.0,10558.0,24,24.99,Employed,1,3,25.82
LN0648,69.0,102503.0,752.0,49739.0,60,28.28,Unemployed,1,6,32.06
LN0649,36.0,143274.0,819.0,37954.0,36,16.86,Employed,0,4,40.54
LN0650,64.0,49759.0,452.0,48837.0,12,28.66,Unemployed,1,7,14.68
LN0651,33.0,105708.0,473.0,40303.0,24,17.46,Employed,0,0,7.97
LN0652,22.0,80112.0,642.0,39700.0,12,13.64,Employed,1,4,28.93
LN0653,52.0,122471.0,730.0,32500.0,12,25.9,Self-employed,0,3,7.8
LN0654,29.0,146740.0,623.0,7032.0,12,16.31,Employed,1,2,39.5
LN0655,42.0,143153.0,719.0,6252.0,48,15.74,Self-employed,0,4,37.36
LN0656,69.0,46589.0,784.0,10509.0,48,16.24,Unemployed,1,9,44.68
LN0657,38.0,50015.0,711.0,42842.0,60,25.86,Unemployed,0,2,33.78
LN0658,53.0,49009.0,383.0,18900.0,24,25.46,Unemployed,1,7,8.02
LN0659,40.0,103309.0,412.0,19523.0,36,13.9,Employed,1,2,16.39
LN0660,33.0,146446.0,631.0,6881.0,36,12.0,Unemployed,0,0,41.36
LN0661,56.0,82046.0,677.0,38037.0,36,16.28,Unemployed,0,8,12.52
LN0662,62.0,126661.0,340.0,6630.0,12,18.46,Self-employed,0,8,36.43
LN0663,59.0,46143.0,404.0,25789.0,48,9.44,Self-employed,0,5,40.11
LN0664,56.0,26154.0,501.0,27523.0,24,24.44,Unemployed,0,9,19.86
LN0665,31.0,41804.0,749.0,22958.0,12,16.14,Unemployed,1,0,19.5
LN0666,48.0,61688.0,565.0,48852.0,48,12.02,Employed,0,7,30.1
LN0667,22.0,84288.0,509.0,6695.0,48,5.88,Employed,0,1,43.76
LN0668,52.0,71195.0,417.0,19821.0,24,9.45,Unemployed,1,8,15.08
LN0669,40.0,40581.0,676.0,8262.0,24,28.63,Self-employed,0,7,47.36
LN0670,46.0,72648.0,839.0,6445.0,24,11.24,Unemployed,0,2,31.96
LN0671,60.0,50087.0,383.0,21436.0,12,7.56,Employed,0,4,49.65
LN0672,28.0,69930.0,753.0,14949.0,60,15.44,Self-employed,1,8,9.03
LN0673,35.0,52981.0,,28963.0,24,11.29,Self-employed,0,0,10.7
LN0674,64.0,89298.0,686.0,34932.0,60,3.95,Employed,1,8,42.2
LN0675,29.0,66167.0,649.0,11901.0,12,11.72,Unemployed,1,3,43.91
LN0676,26.0,95304.0,595.0,38487.0,60,17.69,Unemployed,0,3,25.05
LN0677,27.0,63408.0,557.0,13597.0,36,17.9,Unemployed,1,3,37.13
LN0678,61.0,59499.0,380.0,11855.0,60,12.63,Employed,0,9,44.04
LN0679,34.0,145816.0,567.0,23678.0,24,15.08,Self-employed,0,8,6.94
LN0680,55.0,,718.0,13263.0,12,29.07,Employed,0,5,30.83
LN0681,24.0,58559.0,534.0,30805.0,24,13.19,Unemployed,0,7,43.41
LN0682,63.0,134126.0,610.0,31143.0,36,9.97,Employed,0,3,22.92
LN0683,30.0,94319.0,656.0,16874.0,24,9.57,Self-employed,1,2,18.61
LN0684,57.0,131925.0,512.0,32529.0,24,15.36,Employed,1,0,40.81
LN0685,59.0,115317.0,348.0,25866.0,24,23.51,Unemployed,1,9,20.11
LN0686,26.0,116347.0,426.0,19079.0,48,8.56,Self-employed,1,6,5.14
LN0687,67.0,68787.0,522.0,12243.0,36,22.15,Employed,0,3,48.18
LN0688,44.0,55488.0,578.0,34872.0,24,3.57,Employed,0,7,31.65
LN0689,19.0,94441.0,707.0,14018.0,24,14.31,Self-employed,1,2,41.88
LN0690,22.0,94663.0,804.0,17100.0,24,23.95,Self-employed,0,0,42.14
LN0691,46.0,42431.0,593.0,24800.0,12,12.15,Unemployed,1,4,7.99
LN0692,54.0,81681.0,576.0,31910.0,48,18.22,Self-employed,1,1,12.69
LN0693,55.0,83483.0,737.0,34437.0,12,8.53,Unemployed,1,2,19.0
LN0694,36.0,142720.0,406.0,42588.0,48,23.03,Employed,1,5,19.43
LN0695,25.0,69153.0,719.0,16001.0,24,4.41,Unemployed,0,2,34.65
LN0696,65.0,26368.0,728.0,24942.0,36,26.02,Employed,0,2,33.04
LN0697,62.0,47424.0,674.0,25862.0,60,8.35,Self-employed,1,5,27.26
LN0698,18.0,132360.0,372.0,16669.0,60,26.61,Employed,1,4,14.51
LN0699,39.0,65004.0,329.0,20916.0,24,12.52,Self-employed,1,9,22.19
LN0700,69.0,103869.0,487.0,15878.0,12,22.51,Employed,1,8,29.46
LN0701,34.0,108652.0,663.0,7985.0,36,11.62,Employed,1,0,26.06
LN0702,24.0,132755.0,750.0,37369.0,48,27.46,Employed,0,2,10.73
LN0703,42.0,76985.0,494.0,13112.0,24,6.42,Employed,1,2,34.23
LN0704,62.0,70069.0,455.0,46235.0,36,7.82,Unemployed,1,5,8.29
LN0705,21.0,72326.0,,23931.0,36,16.31,Employed,0,7,22.02
LN0706,53.0,128737.0,340.0,32340.0,48,5.21,Unemployed,0,2,36.95
LN0707,23.0,101061.0,362.0,5336.0,36,8.29,Self-employed,0,2,5.9
LN0708,48.0,43398.0,322.0,47933.0,12,28.48,Self-employed,0,5,30.65
LN0709,36.0,118393.0,659.0,24363.0,12,29.37,Unemployed,0,7,20.05
LN0710,61.0,70861.0,374.0,8968.0,12,13.16,Self-employed,0,5,5.4
LN0711,56.0,95897.0,417.0,38678.0,36,27.93,Self-employed,0,9,13.57
LN0712,44.0,101905.0,679.0,21279.0,12,17.71,Employed,0,2,47.34
LN0713,27.0,147118.0,589.0,8129.0,48,10.28,Employed,0,3,-10.0
LN0714,43.0,88577.0,739.0,43215.0,36,21.96,Employed,1,0,49.88
LN0715,36.0,85641.0,306.0,43897.0,60,20.79,Unemployed,0,7,28.62
LN0716,56.0,29078.0,495.0,10850.0,36,29.71,Unemployed,1,3,29.48
LN0717,20.0,45003.0,720.0,25588.0,48,10.16,Self-employed,1,5,22.63
LN0718,62.0,82768.0,492.0,45214.0,60,21.15,Employed,1,2,18.95
LN0719,30.0,71047.0,447.0,16949.0,36,4.4,Unemployed,1,5,16.32
LN0720,67.0,91626.0,501.0,13519.0,12,6.07,Unemployed,1,8,20.45
LN0721,45.0,77660.0,,31375.0,24,3.11,Employed,1,8,25.69
LN0722,37.0,124386.0,718.0,38082.0,24,29.99,Unemployed,1,9,13.64
LN0723,45.0,69786.0,726.0,16737.0,12,24.66,Employed,1,2,15.12
LN0724,25.0,21925.0,778.0,6134.0,24,24.24,Self-employed,0,2,17.22
LN0725,58.0,103976.0,774.0,15938.0,24,16.76,Self-employed,1,3,25.22
LN0726,56.0,125221.0,425.0,29486.0,12,11.1,Self-employed,1,6,34.38
LN0727,18.0,137832.0,694.0,31096.0,12,7.08,Employed,1,2,43.53
LN0728,20.0,145150.0,624.0,46115.0,36,10.69,Unemployed,1,9,17.92
LN0729,30.0,46015.0,691.0,10592.0,36,13.15,Self-employed,0,7,13.27
LN0730,45.0,53320.0,739.0,23108.0,12,23.42,Self-employed,1,7,22.05
LN0731,66.0,84881.0,503.0,22270.0,48,17.57,Self-employed,0,5,45.25
LN0732,42.0,110827.0,785.0,32649.0,24,5.09,Unemployed,0,3,5.44
LN0733,50.0,140071.0,330.0,15997.0,36,3.49,Unemployed,1,4,35.5
LN0734,55.0,122215.0,687.0,38489.0,24,5.76,Employed,1,1,26.47
LN0735,23.0,,733.0,14104.0,60,14.08,Self-employed,0,5,12.25
LN0736,61.0,148859.0,675.0,,12,28.2,Unemployed,1,2,19.45
LN0737,62.0,23389.0,643.0,33684.0,48,20.21,Employed,1,5,15.12
LN0738,49.0,,742.0,44519.0,60,24.65,Self-employed,0,4,44.5
LN0739,62.0,33629.0,374.0,39524.0,60,15.59,Unemployed,0,1,26.68
LN0740,64.0,81550.0,454.0,35957.0,60,12.76,Unemployed,1,4,30.34
LN0741,38.0,44826.0,729.0,38885.0,12,5.93,Employed,1,4,31.72
LN0742,33.0,120734.0,662.0,49369.0,36,26.65,Self-employed,1,8,33.78
LN0743,38.0,46630.0,747.0,40596.0,12,24.15,Self-employed,0,7,27.3
LN0744,28.0,118762.0,533.0,,36,7.54,Unemployed,1,6,5.8
LN0745,54.0,66163.0,561.0,35676.0,60,16.83,Self-employed,0,2,20.06
LN0746,53.0,118511.0,424.0,18878.0,60,16.16,Employed,0,9,13.27
LN0747,52.0,86435.0,544.0,44760.0,48,19.88,Unemployed,1,3,35.61
LN0748,36.0,31653.0,841.0,32559.0,36,28.55,Unemployed,0,5,7.55
LN0749,37.0,47961.0,784.0,11771.0,60,18.65,Employed,1,2,30.37
LN0750,35.0,101941.0,421.0,21526.0,24,17.59,Unemployed,1,8,14.48
LN0751,64.0,94137.0,424.0,34896.0,48,4.36,Self-employed,0,7,47.7
LN0752,58.0,53662.0,848.0,36923.0,12,4.7,Self-employed,1,5,20.1
LN0753,66.0,118818.0,469.0,41203.0,48,8.06,Unemployed,0,3,19.63
LN0754,31.0,76446.0,423.0,,24,3.88,Employed,0,6,46.55
LN0755,32.0,41288.0,334.0,17852.0,36,23.07,Employed,1,2,23.78
LN0756,48.0,142555.0,386.0,48391.0,12,22.53,Self-employed,1,9,48.33
LN0757,18.0,115081.0,500.0,6848.0,12,6.67,Employed,1,7,6.09
LN0758,20.0,56877.0,,36027.0,36,25.57,Unemployed,1,0,18.79
LN0759,33.0,131562.0,376.0,40464.0,48,7.18,Unemployed,0,2,34.98
LN0760,40.0,35313.0,358.0,39485.0,60,11.13,Self-employed,0,4,45.09
LN0761,28.0,100885.0,730.0,24456.0,48,9.72,Self-employed,0,4,16.54
LN0762,-5.0,92715.0,799.0,14259.0,24,13.05,Self-employed,1,9,46.87
LN0763,27.0,30326.0,408.0,40554.0,60,9.88,Employed,0,1,31.74
LN0764,49.0,130091.0,577.0,18409.0,48,16.2,Unemployed,0,9,41.05
LN0765,33.0,145836.0,367.0,8791.0,36,14.0,Unemployed,1,7,22.87
LN0766,25.0,21560.0,368.0,,24,29.64,Unemployed,1,4,14.55
LN0767,55.0,99148.0,464.0,41639.0,24,4.51,Self-employed,1,6,46.01
LN0768,29.0,103186.0,788.0,39574.0,24,6.84,Unemployed,0,6,46.99
LN0769,41.0,46745.0,604.0,22888.0,60,4.43,Employed,1,4,27.39
LN0770,45.0,51890.0,664.0,24692.0,12,19.9,Employed,0,7,5.29
LN0771,25.0,40022.0,678.0,28501.0,60,4.47,Unemployed,0,8,9.94
LN0772,45.0,143629.0,642.0,18304.0,48,25.58,Self-employed,0,3,30.79
LN0773,53.0,72579.0,653.0,32527.0,12,16.82,Unemployed,0,3,6.07
LN0774,43.0,90316.0,715.0,23074.0,48,17.23,Employed,0,7,22.86
LN0775,25.0,103847.0,408.0,20549.0,12,18.16,Employed,1,0,18.65
LN0776,67.0,48380.0,796.0,34963.0,60,7.61,Employed,0,3,37.15
LN0777,45.0,130198.0,640.0,30920.0,24,8.34,Unemployed,1,5,7.5
LN0778,45.0,22356.0,682.0,35826.0,36,11.61,Employed,0,3,26.99
LN0779,54.0,90326.0,832.0,41071.0,24,19.02,Self-employed,0,5,31.06
LN0780,58.0,112447.0,599.0,21061.0,60,8.67,Unemployed,1,4,32.78
LN0781,53.0,134994.0,438.0,33810.0,12,6.14,Unemployed,0,8,23.23
LN0782,44.0,109899.0,658.0,27800.0,24,29.19,Employed,0,9,18.7
LN0783,34.0,40049.0,798.0,,60,3.59,Employed,1,8,35.71
LN0784,26.0,95717.0,684.0,46692.0,48,24.67,Self-employed,1,3,43.14
LN0785,50.0,125361.0,579.0,14940.0,36,24.28,Unemployed,0,3,36.21
LN0786,37.0,36082.0,782.0,8924.0,24,11.02,Employed,0,7,46.94
LN0787,30.0,20661.0,410.0,33054.0,12,6.66,Self-employed,0,9,37.28
LN0788,45.0,57412.0,438.0,14783.0,48,6.93,Employed,1,3,39.41
LN0789,65.0,134015.0,734.0,42253.0,60,21.83,Unemployed,0,1,12.56
LN0790,46.0,143191.0,808.0,,36,20.36,Employed,1,1,23.88
LN0791,30.0,22920.0,572.0,29484.0,12,24.13,Unemployed,1,0,26.83
LN0792,63.0,111194.0,398.0,30068.0,60,28.31,Employed,0,4,16.53
LN0793,52.0,134306.0,403.0,5191.0,60,21.68,Unemployed,1,5,28.78
LN0794,23.0,80315.0,513.0,30074.0,24,7.21,Self-employed,0,8,18.09
LN0795,35.0,99561.0,464.0,9917.0,24,9.57,Unemployed,0,4,35.94
LN0796,68.0,28946.0,819.0,43599.0,12,25.74,Self-employed,1,5,26.16
LN0797,22.0,114242.0,583.0,,60,8.65,Unemployed,1,5,25.65
LN0798,64.0,65500.0,816.0,47928.0,24,4.96,Self-employed,1,2,49.26
LN0799,42.0,124540.0,463.0,25706.0,36,21.99,Employed,1,3,120.0
LN0800,19.0,36309.0,363.0,18682.0,36,13.87,Unemployed,1,0,21.3
LN0801,27.0,75230.0,390.0,31762.0,60,27.84,Employed,1,3,19.34
LN0802,47.0,131822.0,416.0,28383.0,24,20.56,Self-employed,0,0,45.26
LN0803,67.0,118656.0,566.0,32796.0,12,5.44,Unemployed,0,4,27.35
LN0804,62.0,143782.0,439.0,,12,28.59,Unemployed,0,7,32.0
LN0805,22.0,50027.0,545.0,30662.0,12,9.98,Employed,1,7,13.14
LN0806,150.0,146768.0,,39642.0,36,12.1,Unemployed,1,4,29.34
LN0807,18.0,92541.0,786.0,46830.0,24,13.86,Unemployed,1,9,17.36
LN0808,35.0,132340.0,775.0,42531.0,24,4.38,Employed,0,1,37.88
LN0809,49.0,134846.0,816.0,15234.0,36,16.41,Unemployed,0,5,42.46
LN0810,64.0,,483.0,14221.0,12,6.33,Employed,1,0,37.17
LN0811,66.0,20956.0,319.0,16410.0,12,13.83,Employed,1,6,37.86
LN0812,28.0,120375.0,823.0,19519.0,60,12.47,Employed,1,3,28.06
LN0813,38.0,94131.0,828.0,6051.0,48,23.87,Employed,1,4,37.05
LN0814,43.0,67908.0,446.0,49993.0,24,24.69,Employed,0,5,24.02
LN0815,42.0,98339.0,603.0,14765.0,24,7.14,Self-employed,0,0,34.32
LN0816,39.0,145659.0,527.0,16382.0,24,12.9,Self-employed,0,8,16.66
LN0817,44.0,45963.0,401.0,17580.0,48,13.08,Employed,1,9,8.14
LN0818,66.0,121757.0,716.0,37323.0,60,7.09,Self-employed,0,3,23.61
LN0819,30.0,59443.0,515.0,49757.0,48,24.56,Self-employed,1,7,25.78
LN0820,50.0,119259.0,706.0,16939.0,12,22.1,Unemployed,1,4,16.54
LN0821,51.0,59063.0,698.0,34964.0,12,8.14,Employed,1,7,37.75
LN0822,58.0,134225.0,798.0,5307.0,24,12.9,Self-employed,0,0,8.31
LN0823,52.0,136400.0,764.0,8359.0,36,5.86,Unemployed,0,7,15.02
LN0824,18.0,100818.0,381.0,34648.0,24,19.96,Unemployed,1,3,38.69
LN0825,38.0,24703.0,664.0,40944.0,36,6.28,Employed,0,1,24.67
LN0826,65.0,85128.0,462.0,39019.0,48,29.62,Employed,1,5,36.74
LN0827,23.0,92099.0,347.0,43134.0,12,24.08,Unemployed,1,1,30.54
LN0828,45.0,45849.0,810.0,32323.0,36,13.54,Employed,1,4,120.0
LN0829,34.0,51860.0,628.0,11226.0,48,18.62,Employed,0,1,31.9
LN0830,22.0,51585.0,415.0,26689.0,12,27.61,Unemployed,0,2,5.67
LN0831,48.0,42015.0,636.0,35971.0,36,17.96,Unemployed,1,5,20.88
LN0832,22.0,97539.0,446.0,30954.0,24,7.71,Employed,0,0,11.44
LN0833,55.0,63585.0,622.0,29423.0,24,13.22,Self-employed,0,5,46.61
LN0834,20.0,46958.0,742.0,35391.0,24,25.76,Employed,0,2,9.68
LN0835,40.0,46017.0,312.0,19330.0,48,20.39,Self-employed,0,6,22.45
LN0836,54.0,96707.0,,9891.0,24,20.57,Unemployed,1,1,15.17
LN0837,54.0,144677.0,586.0,9992.0,60,26.4,Self-employed,0,5,43.1
LN0838,27.0,65350.0,413.0,6961.0,12,27.14,Unemployed,1,7,18.89
LN0839,27.0,32201.0,779.0,17497.0,48,27.83,Employed,1,0,49.64
LN0840,36.0,49426.0,321.0,37551.0,24,5.56,Employed,0,8,6.74
LN0841,34.0,37778.0,648.0,15848.0,12,17.69,Unemployed,1,4,10.77
LN0842,38.0,65241.0,619.0,,36,22.99,Unemployed,1,4,15.11
LN0843,31.0,62229.0,1000.0,9567.0,24,23.44,Unemployed,0,4,41.5
LN0844,26.0,106652.0,576.0,44281.0,12,19.38,Employed,1,5,44.53
LN0845,63.0,148267.0,503.0,25389.0,60,7.5,Employed,1,1,8.22
LN0846,18.0,138402.0,493.0,49523.0,36,24.53,Self-employed,0,5,6.46
LN0847,68.0,68364.0,846.0,48919.0,60,22.44,Unemployed,0,3,38.51
LN0848,62.0,118833.0,585.0,21567.0,12,5.33,Self-employed,0,7,11.0
LN0849,150.0,146503.0,356.0,8358.0,60,15.52,Employed,0,8,10.98
LN0850,21.0,149044.0,602.0,27999.0,12,7.7,Self-employed,0,8,6.01
LN0851,18.0,104878.0,462.0,47358.0,12,12.11,Self-employed,1,7,7.24
LN0852,66.0,77056.0,318.0,15988.0,60,3.49,Employed,1,2,-10.0
LN0853,57.0,47490.0,669.0,45446.0,12,13.81,Employed,0,9,7.93
LN0854,49.0,147769.0,563.0,36521.0,24,17.85,Unemployed,0,3,21.6
LN0855,51.0,39975.0,412.0,10698.0,12,19.73,Self-employed,1,0,42.47
LN0856,45.0,46723.0,787.0,,48,20.91,Employed,0,8,19.68
LN0857,48.0,43279.0,626.0,32543.0,12,25.58,Employed,0,4,37.75
LN0858,25.0,98301.0,841.0,36349.0,48,8.82,Self-employed,1,5,9.23
LN0859,56.0,132214.0,364.0,16241.0,12,6.25,Employed,1,2,34.67
LN0860,43.0,31561.0,591.0,14497.0,12,25.99,Unemployed,1,9,19.25
LN0861,51.0,127435.0,324.0,46875.0,60,7.23,Unemployed,0,7,38.74
LN0862,20.0,86061.0,848.0,37703.0,24,29.32,Self-employed,1,6,11.13
LN0863,67.0,108397.0,-50.0,49041.0,24,25.75,Unemployed,0,0,45.4
LN0864,29.0,69153.0,848.0,36954.0,36,16.52,Employed,1,9,15.92
LN0865,18.0,53142.0,440.0,13002.0,60,29.5,Employed,0,4,20.89
LN0866,-5.0,46916.0,487.0,9247.0,60,5.63,Employed,0,9,47.76
LN0867,22.0,84324.0,427.0,46988.0,24,11.18,Employed,0,8,31.03
LN0868,47.0,64965.0,500.0,26698.0,60,20.23,Self-employed,1,5,21.46
LN0869,47.0,145932.0,426.0,24738.0,24,12.45,Unemployed,1,7,47.73
LN0870,34.0,24648.0,556.0,15703.0,60,28.07,Unemployed,1,9,19.81
LN0871,65.0,55133.0,-50.0,22570.0,12,4.77,Employed,0,0,9.27
LN0872,64.0,70677.0,493.0,17392.0,24,17.83,Self-employed,1,9,49.86
LN0873,40.0,116059.0,403.0,49724.0,24,18.95,Employed,1,6,17.05
LN0874,32.0,114588.0,834.0,37299.0,48,20.62,Employed,0,2,43.31
LN0875,54.0,119950.0,564.0,20641.0,60,9.9,Self-employed,0,8,12.45
LN0876,38.0,118317.0,683.0,18998.0,60,12.84,Self-employed,1,5,37.91
LN0877,31.0,90135.0,559.0,11305.0,24,25.78,Employed,1,4,28.6
LN0878,19.0,55046.0,713.0,37726.0,12,8.26,Unemployed,1,7,49.14
LN0879,28.0,67064.0,657.0,23782.0,12,25.33,Employed,0,7,29.88
LN0880,68.0,121459.0,374.0,17721.0,12,18.19,Unemployed,1,2,6.13
LN0881,56.0,126625.0,654.0,44763.0,60,23.58,Unemployed,0,1,32.17
LN0882,55.0,89350.0,487.0,17427.0,48,22.27,Self-employed,0,1,-10.0
LN0883,51.0,65893.0,589.0,25566.0,24,8.6,Self-employed,1,4,40.93
LN0884,55.0,121520.0,344.0,,36,18.36,Employed,1,9,43.55
LN0885,67.0,145818.0,382.0,11511.0,48,26.43,Unemployed,0,6,26.69
LN0886,51.0,81272.0,422.0,47229.0,36,14.67,Unemployed,0,7,40.24
LN0887,35.0,112152.0,657.0,31177.0,48,29.1,Employed,1,9,11.53
LN0888,47.0,142907.0,827.0,9765.0,12,15.21,Employed,1,7,27.14
LN0889,32.0,87649.0,365.0,25354.0,60,6.86,Employed,1,7,22.73
LN0890,44.0,84674.0,674.0,28929.0,36,13.51,Self-employed,0,9,32.51
LN0891,68.0,144132.0,461.0,33820.0,48,28.7,Employed,0,2,7.0
LN0892,51.0,139044.0,679.0,34523.0,60,11.63,Employed,1,1,38.85
LN0893,69.0,128542.0,657.0,,36,26.44,Unemployed,0,3,8.56
LN0894,55.0,33760.0,487.0,5627.0,24,26.79,Employed,0,0,34.54
LN0895,50.0,41927.0,621.0,16989.0,48,12.46,Unemployed,1,2,5.83
LN0896,41.0,106475.0,749.0,18780.0,24,5.25,Unemployed,0,8,42.43
LN0897,32.0,,773.0,11589.0,12,22.56,Self-employed,1,6,12.86
LN0898,47.0,117955.0,312.0,39812.0,24,11.41,Employed,1,6,28.2
LN0899,59.0,32588.0,483.0,33128.0,24,24.14,Employed,0,0,16.77
LN0900,68.0,141750.0,410.0,43652.0,48,14.95,Unemployed,0,6,37.52
LN0901,34.0,121678.0,807.0,32790.0,12,16.1,Self-employed,1,9,19.46
LN0902,22.0,124734.0,589.0,45953.0,24,24.0,Self-employed,0,6,37.61
LN0903,46.0,138154.0,594.0,5249.0,60,13.32,Employed,1,3,17.82
LN0904,21.0,72233.0,750.0,24309.0,36,14.96,Unemployed,0,6,38.86
LN0905,27.0,64738.0,514.0,30901.0,24,13.16,Employed,0,7,6.38
LN0906,34.0,53397.0,326.0,28576.0,12,12.92,Employed,0,2,17.75
LN0907,27.0,102189.0,530.0,36508.0,24,17.2,Employed,1,9,27.44
LN0908,34.0,96367.0,620.0,14175.0,36,24.84,Employed,0,1,7.03
LN0909,37.0,144873.0,532.0,30464.0,12,12.77,Unemployed,1,6,13.37
LN0910,41.0,91260.0,736.0,21260.0,48,17.15,Self-employed,1,4,47.05
LN0911,22.0,140585.0,832.0,40440.0,12,21.11,Employed,1,4,48.96
LN0912,51.0,96619.0,702.0,34546.0,48,10.27,Employed,0,4,38.29
LN0913,23.0,131453.0,352.0,45047.0,12,10.49,Employed,1,6,16.35
LN0914,19.0,39816.0,612.0,46430.0,36,28.2,Employed,1,8,16.72
LN0915,30.0,,580.0,6987.0,36,22.54,Self-employed,0,7,34.06
LN0916,60.0,26276.0,330.0,30105.0,12,18.58,Self-employed,1,5,10.29
LN0917,60.0,133939.0,636.0,17948.0,24,20.49,Self-employed,1,6,47.67
LN0918,65.0,124199.0,482.0,18026.0,36,3.79,Self-employed,0,8,15.12
LN0919,28.0,99530.0,322.0,7773.0,48,19.69,Employed,1,5,49.98
LN0920,68.0,43499.0,843.0,14878.0,48,16.76,Unemployed,0,0,27.31
LN0921,64.0,108576.0,745.0,47946.0,60,17.74,Self-employed,1,3,39.71
LN0922,40.0,128856.0,373.0,15377.0,48,12.7,Self-employed,1,7,5.1
LN0923,33.0,102495.0,309.0,12347.0,60,5.2,Employed,0,6,44.99
LN0924,48.0,141717.0,783.0,38776.0,12,8.22,Employed,1,2,17.15
LN0925,28.0,91635.0,755.0,8783.0,12,28.67,Employed,1,9,35.06
LN0926,33.0,127803.0,459.0,9298.0,12,14.03,Employed,1,2,41.29
LN0927,25.0,105112.0,313.0,,24,15.6,Unemployed,0,2,12.39
LN0928,21.0,55946.0,477.0,25671.0,24,4.42,Unemployed,0,0,24.91
LN0929,57.0,75204.0,711.0,39820.0,60,4.01,Self-employed,0,9,27.22
LN0930,21.0,71886.0,352.0,39484.0,48,22.36,Unemployed,0,0,19.05
LN0931,42.0,91652.0,707.0,38078.0,48,17.53,Self-employed,0,5,26.68
LN0932,20.0,35563.0,321.0,25922.0,12,16.74,Self-employed,1,0,19.29
LN0933,49.0,112324.0,329.0,39028.0,36,9.56,Unemployed,0,4,21.23
LN0934,20.0,112464.0,559.0,25316.0,24,23.11,Self-employed,0,3,35.12
LN0935,44.0,121872.0,504.0,16460.0,24,7.54,Employed,0,4,33.47
LN0936,46.0,29847.0,358.0,21968.0,12,8.13,Self-employed,1,6,15.45
LN0937,49.0,46155.0,770.0,35266.0,24,15.44,Employed,1,5,45.39
LN0938,67.0,99671.0,765.0,35209.0,12,10.73,Unemployed,0,8,43.83
LN0939,68.0,136891.0,311.0,29000.0,60,9.68,Unemployed,1,5,27.91
LN0940,36.0,103310.0,589.0,19011.0,48,20.42,Self-employed,1,8,24.5
LN0941,38.0,87278.0,653.0,7866.0,36,20.58,Employed,1,3,21.96
LN0942,22.0,38309.0,374.0,10898.0,48,25.26,Self-employed,1,0,36.83
LN0943,35.0,20619.0,740.0,23395.0,48,14.28,Unemployed,0,0,35.22
LN0944,45.0,103194.0,540.0,44019.0,60,4.97,Self-employed,0,9,13.83
LN0945,59.0,70108.0,453.0,42707.0,24,10.39,Self-employed,1,6,35.22
LN0946,39.0,54707.0,-50.0,9006.0,36,29.46,Employed,1,2,16.36
LN0947,38.0,40337.0,593.0,39393.0,24,19.1,Unemployed,1,1,5.84
LN0948,23.0,145261.0,508.0,15956.0,48,22.16,Self-employed,1,5,36.46
LN0949,18.0,101537.0,642.0,35663.0,12,3.2,Employed,0,5,34.02
LN0950,22.0,86504.0,387.0,11078.0,48,16.99,Self-employed,1,6,23.49
LN0951,58.0,67614.0,689.0,34631.0,24,4.01,Employed,0,4,28.66
LN0952,29.0,111428.0,624.0,35140.0,48,18.37,Employed,1,7,47.62
LN0953,43.0,111155.0,456.0,46691.0,12,27.86,Self-employed,0,6,31.78
LN0954,63.0,20281.0,436.0,8961.0,60,29.15,Unemployed,1,1,34.6
LN0955,51.0,,727.0,34277.0,24,17.59,Unemployed,0,0,7.88
LN0956,66.0,100896.0,751.0,46574.0,48,15.37,Employed,0,8,12.47
LN0957,31.0,59030.0,440.0,36417.0,24,28.52,Unemployed,0,4,18.54
LN0958,43.0,21058.0,382.0,27484.0,60,21.19,Employed,1,4,29.27
LN0959,62.0,106213.0,476.0,23103.0,48,4.75,Unemployed,0,9,39.95
LN0960,44.0,96260.0,497.0,34345.0,48,15.57,Self-employed,1,3,19.46
LN0961,26.0,48404.0,720.0,44454.0,24,9.49,Unemployed,0,1,21.04
LN0962,43.0,123482.0,-50.0,6587.0,24,15.68,Employed,0,4,16.53
LN0963,64.0,125284.0,770.0,47571.0,12,15.3,Employed,1,1,16.46
LN0964,39.0,49856.0,517.0,26031.0,60,18.72,Unemployed,0,6,47.7
LN0965,64.0,29200.0,474.0,31212.0,12,12.63,Self-employed,1,8,33.6
LN0966,47.0,84178.0,322.0,15350.0,48,7.44,Employed,1,8,12.02
LN0967,60.0,53997.0,534.0,23816.0,24,16.6,Employed,1,5,37.5
LN0968,65.0,45611.0,312.0,25288.0,48,25.42,Employed,1,0,37.49
LN0969,34.0,139273.0,400.0,34432.0,48,20.93,Employed,0,5,34.99
LN0970,43.0,61235.0,,49222.0,36,12.14,Employed,0,4,11.06
LN0971,53.0,137428.0,822.0,11837.0,36,28.26,Self-employed,1,3,23.36
LN0972,18.0,55057.0,751.0,39217.0,48,27.63,Unemployed,0,5,9.8
LN0973,25.0,21239.0,1000.0,25884.0,24,8.65,Self-employed,0,5,41.75
LN0974,66.0,123674.0,832.0,10454.0,48,4.06,Self-employed,1,5,34.48
LN0975,52.0,134474.0,592.0,14424.0,36,23.02,Employed,0,1,27.82
LN0976,69.0,85661.0,400.0,41885.0,24,25.35,Self-employed,1,6,20.44
LN0977,32.0,146945.0,801.0,,48,29.13,Employed,0,3,13.29
LN0978,64.0,65272.0,603.0,48618.0,60,27.03,Self-employed,0,8,9.79
LN0979,39.0,109393.0,839.0,23412.0,60,19.21,Employed,1,9,48.62
LN0980,31.0,81212.0,654.0,44613.0,48,17.31,Employed,0,1,13.98
LN0981,43.0,144088.0,602.0,25142.0,24,3.75,Self-employed,0,4,7.69
LN0982,45.0,35398.0,795.0,42392.0,48,9.66,Self-employed,1,3,48.28
LN0983,40.0,140030.0,526.0,13848.0,48,15.41,Unemployed,0,8,29.7
LN0984,31.0,76503.0,535.0,18136.0,36,19.97,Unemployed,1,3,40.85
LN0985,41.0,26638.0,754.0,5589.0,60,18.05,Unemployed,0,7,6.97
LN0986,19.0,26570.0,312.0,25908.0,36,23.05,Self-employed,1,7,30.51
LN0987,62.0,88785.0,509.0,11509.0,36,10.55,Self-employed,1,5,22.92
LN0988,43.0,29110.0,696.0,45461.0,48,18.25,Employed,1,5,39.74
LN0989,31.0,125899.0,399.0,47222.0,36,5.38,Unemployed,1,7,6.73
LN0990,68.0,99141.0,330.0,49476.0,60,14.17,Employed,1,9,23.08
LN0991,24.0,32115.0,827.0,14968.0,36,23.25,Employed,0,8,40.96
LN0992,20.0,59062.0,628.0,7462.0,60,21.72,Employed,0,4,28.52
LN0993,64.0,42911.0,465.0,14460.0,36,29.75,Employed,1,0,29.75
LN0994,40.0,124061.0,758.0,38783.0,60,10.5,Unemployed,0,0,9.37
LN0995,63.0,52556.0,399.0,14275.0,36,16.45,Employed,1,1,10.95
LN0996,60.0,98131.0,472.0,33677.0,36,11.9,Self-employed,0,9,35.46
LN0997,64.0,148335.0,461.0,18269.0,24,14.9,Self-employed,0,9,35.38
LN0998,62.0,21969.0,562.0,5406.0,60,26.14,Self-employed,1,4,49.06
LN0999,35.0,63753.0,573.0,,60,21.47,Unemployed,1,3,37.04
LN1000,55.0,102811.0,302.0,27553.0,60,26.83,Employed,0,0,27.2
LN1001,52.0,24470.0,327.0,,12,8.49,Unemployed,0,3,43.58
LN1002,68.0,141863.0,625.0,49036.0,36,26.58,Employed,1,3,9.7
LN1003,32.0,30225.0,448.0,22369.0,60,4.61,Unemployed,0,9,25.22
LN1004,42.0,127860.0,839.0,16795.0,12,26.99,Unemployed,0,3,17.92
LN1005,54.0,143008.0,787.0,9485.0,24,11.88,Employed,1,0,9.71
LN1006,45.0,127510.0,737.0,46669.0,60,11.49,Unemployed,0,8,39.36
LN1007,27.0,128295.0,364.0,7618.0,60,16.83,Employed,1,2,27.99
LN1008,56.0,43196.0,655.0,35143.0,12,28.4,Self-employed,1,3,30.05
LN1009,34.0,125823.0,832.0,34425.0,36,4.29,Self-employed,1,4,23.51
LN1010,56.0,33669.0,551.0,27673.0,24,12.51,Self-employed,0,6,25.72
LN1011,39.0,,534.0,14603.0,60,26.13,Unemployed,0,5,10.22
LN1012,43.0,144398.0,526.0,44696.0,36,13.69,Self-employed,1,4,35.28
LN1013,61.0,130677.0,824.0,10368.0,24,8.38,Employed,1,7,24.46
LN1014,42.0,135886.0,612.0,9621.0,48,14.47,Self-employed,0,0,41.75
LN1015,34.0,146753.0,348.0,19719.0,48,13.41,Self-employed,0,6,13.83
LN1016,30.0,68320.0,417.0,34227.0,24,27.72,Unemployed,0,5,14.23
LN1017,37.0,67414.0,353.0,48894.0,12,23.57,Employed,1,4,34.06
LN1018,42.0,123542.0,343.0,,24,16.64,Unemployed,1,6,43.07
LN1019,21.0,35577.0,352.0,17306.0,24,29.69,Unemployed,0,2,26.25
LN1020,27.0,145354.0,824.0,29042.0,12,15.56,Employed,0,0,37.71
LN1021,20.0,108009.0,401.0,20086.0,12,4.57,Unemployed,0,8,49.97
LN1022,58.0,146365.0,,22387.0,36,10.08,Employed,1,1,49.56
LN1023,62.0,75409.0,437.0,32042.0,36,14.77,Self-employed,1,9,38.5
LN1024,35.0,48625.0,686.0,28888.0,12,7.24,Employed,0,2,38.28
LN1025,64.0,101040.0,410.0,31514.0,48,28.58,Employed,0,7,16.14
LN1026,53.0,44089.0,,23323.0,48,23.7,Employed,1,9,42.51
LN1027,64.0,56487.0,481.0,23019.0,24,10.24,Unemployed,1,8,23.23
LN1028,39.0,85838.0,835.0,14890.0,60,18.95,Employed,0,2,48.29
LN1029,51.0,116999.0,840.0,45863.0,24,22.48,Employed,0,5,8.66
LN1030,64.0,130448.0,470.0,15283.0,24,28.41,Employed,0,6,24.61
LN1031,25.0,114795.0,708.0,23279.0,60,26.8,Self-employed,1,0,30.01
LN1032,57.0,70138.0,677.0,27908.0,12,16.91,Employed,0,6,23.23
LN1033,66.0,62823.0,487.0,42952.0,48,23.92,Unemployed,1,3,14.48
LN1034,61.0,57208.0,529.0,40170.0,24,18.18,Employed,1,4,31.68
LN1035,36.0,74061.0,418.0,42663.0,60,17.92,Employed,0,7,39.02
LN1036,59.0,50659.0,455.0,49172.0,36,6.1,Self-employed,0,3,34.02
LN1037,58.0,,764.0,14343.0,24,6.41,Employed,1,3,15.55
LN1038,54.0,121376.0,1000.0,15637.0,48,17.3,Unemployed,0,7,37.92
LN1039,23.0,51890.0,801.0,39724.0,12,10.26,Employed,1,4,16.56
LN1040,69.0,99134.0,474.0,44791.0,24,3.57,Unemployed,0,5,12.88
LN1041,43.0,67055.0,720.0,34134.0,24,22.52,Self-employed,0,4,36.08
LN1042,51.0,132269.0,433.0,8907.0,60,3.88,Employed,0,0,42.93
LN1043,62.0,39508.0,690.0,38575.0,36,19.07,Self-employed,0,6,26.67
LN1044,23.0,62287.0,800.0,9827.0,36,17.56,Employed,1,5,28.91
LN1045,54.0,98916.0,332.0,35607.0,12,29.16,Unemployed,1,1,18.62
LN1046,50.0,46984.0,354.0,18699.0,48,16.07,Self-employed,1,6,27.26
LN1047,39.0,130169.0,818.0,,12,4.72,Employed,0,5,10.94
LN1048,38.0,28125.0,311.0,30883.0,24,17.9,Unemployed,1,4,48.01
LN1049,23.0,56059.0,827.0,10313.0,24,25.71,Self-employed,1,7,41.02
LN1050,23.0,,,18598.0,36,29.91,Employed,1,4,35.06
LN1051,65.0,123409.0,783.0,33807.0,48,14.62,Self-employed,0,1,29.22
LN1052,21.0,37087.0,527.0,9887.0,60,11.65,Employed,1,5,40.65
LN1053,47.0,126437.0,606.0,8854.0,48,27.48,Unemployed,0,0,27.26
LN1054,28.0,135262.0,756.0,19536.0,24,8.16,Unemployed,0,4,18.5
LN1055,47.0,25704.0,459.0,8558.0,60,19.62,Self-employed,1,5,12.22
LN1056,48.0,80576.0,,14772.0,48,13.95,Self-employed,0,6,34.14
LN1057,41.0,93384.0,524.0,41343.0,48,4.11,Employed,1,1,46.82
LN1058,26.0,,803.0,40186.0,60,12.38,Unemployed,1,0,11.91
LN1059,20.0,131279.0,755.0,41966.0,24,10.16,Employed,1,5,13.1
LN1060,68.0,92460.0,344.0,,48,21.52,Unemployed,1,2,24.51
LN1061,48.0,47208.0,513.0,44887.0,60,28.62,Self-employed,1,4,41.31
LN1062,57.0,138516.0,358.0,24229.0,24,10.24,Employed,0,1,18.23
LN1063,54.0,149612.0,494.0,14673.0,60,24.91,Employed,1,0,16.43
LN1064,53.0,105150.0,788.0,32877.0,60,4.49,Unemployed,0,0,32.9
LN1065,41.0,86024.0,456.0,36601.0,48,17.53,Unemployed,1,3,29.1
LN1066,48.0,59882.0,525.0,43084.0,24,4.9,Unemployed,1,9,7.71
LN1067,23.0,45923.0,711.0,21244.0,48,28.22,Self-employed,1,1,8.67
LN1068,19.0,146561.0,,32356.0,12,23.69,Employed,0,0,33.94
LN1069,37.0,134044.0,378.0,21806.0,12,20.76,Unemployed,0,5,25.93
LN1070,45.0,121477.0,423.0,28099.0,24,25.25,Self-employed,0,3,48.69
LN1071,150.0,49165.0,770.0,49641.0,60,20.48,Unemployed,0,9,35.53
LN1072,21.0,87203.0,517.0,42034.0,48,29.16,Employed,1,6,5.45
LN1073,32.0,111749.0,815.0,45317.0,48,22.28,Unemployed,1,5,26.65
LN1074,23.0,24114.0,403.0,24094.0,24,27.97,Employed,0,4,23.65
LN1075,66.0,84965.0,692.0,15589.0,24,16.96,Self-employed,0,9,9.8
LN1076,47.0,56321.0,1000.0,6657.0,12,6.16,Self-employed,0,1,46.54
LN1077,55.0,93297.0,630.0,37764.0,36,17.26,Unemployed,1,4,41.23
LN1078,68.0,116652.0,442.0,44531.0,24,6.43,Employed,0,8,15.35
LN1079,19.0,119304.0,839.0,8164.0,36,19.0,Employed,0,8,16.52
LN1080,32.0,133942.0,577.0,32542.0,24,16.03,Employed,1,1,6.44
LN1081,28.0,45426.0,532.0,23437.0,60,19.81,Unemployed,0,6,18.35
LN1082,25.0,37772.0,828.0,46247.0,60,3.27,Employed,1,9,-10.0
LN1083,43.0,123754.0,389.0,43505.0,12,8.26,Employed,1,3,23.94
LN1084,68.0,23712.0,791.0,24601.0,12,16.27,Employed,1,2,48.62
LN1085,62.0,21367.0,498.0,33430.0,36,28.66,Employed,1,0,7.52
LN1086,61.0,126493.0,661.0,11009.0,24,13.36,Unemployed,1,2,31.61
LN1087,22.0,127317.0,740.0,9552.0,48,14.46,Unemployed,0,8,43.62
LN1088,23.0,135142.0,325.0,14417.0,12,22.3,Employed,0,8,26.63
LN1089,43.0,111736.0,324.0,46989.0,48,19.3,Employed,1,6,5.13
LN1090,21.0,71924.0,693.0,7671.0,48,11.07,Self-employed,1,2,15.93
LN1091,36.0,23726.0,806.0,11519.0,24,14.09,Self-employed,0,2,19.57
LN1092,37.0,109152.0,600.0,41730.0,36,8.88,Employed,0,3,48.47
LN1093,50.0,47723.0,638.0,17734.0,24,29.08,Employed,1,6,46.03
LN1094,37.0,146969.0,566.0,8722.0,12,6.53,Self-employed,0,6,47.71
LN1095,66.0,123110.0,760.0,9906.0,48,13.04,Self-employed,0,1,42.16
LN1096,29.0,120494.0,755.0,35096.0,24,3.7,Employed,1,4,20.82
LN1097,64.0,29108.0,659.0,45031.0,24,8.99,Unemployed,0,6,45.76
LN1098,18.0,97714.0,367.0,18699.0,24,24.07,Unemployed,0,6,49.18
LN1099,43.0,55643.0,711.0,26438.0,12,8.43,Employed,0,5,20.75
LN1100,31.0,51324.0,790.0,48856.0,36,5.16,Employed,0,9,16.73
LN1101,55.0,123896.0,348.0,38576.0,24,15.81,Self-employed,1,9,29.61
LN1102,54.0,103360.0,401.0,46938.0,12,3.27,Self-employed,0,7,13.42
LN1103,28.0,,515.0,37247.0,48,5.29,Unemployed,1,2,6.47
LN1104,53.0,28927.0,,48461.0,60,24.81,Employed,0,0,47.56
LN1105,30.0,113680.0,458.0,32938.0,12,23.83,Self-employed,1,2,46.66
LN1106,60.0,116546.0,788.0,45469.0,60,27.71,Unemployed,1,1,12.32
LN1107,20.0,42443.0,541.0,22600.0,24,26.07,Unemployed,0,1,23.35
LN1108,50.0,99973.0,304.0,25435.0,24,21.45,Unemployed,1,1,42.4
LN1109,23.0,83449.0,660.0,23581.0,12,4.41,Self-employed,1,4,34.75
LN1110,67.0,129834.0,758.0,19191.0,60,24.14,Self-employed,1,0,22.77
LN1111,27.0,125314.0,547.0,24190.0,24,25.83,Employed,1,9,38.49
LN1112,22.0,96743.0,721.0,32386.0,48,24.58,Employed,1,3,45.37
LN1113,40.0,141805.0,314.0,36721.0,36,16.73,Unemployed,0,9,46.68
LN1114,27.0,80233.0,421.0,18704.0,36,9.29,Unemployed,1,4,-10.0
LN1115,61.0,45537.0,576.0,7123.0,24,25.82,Self-employed,1,1,12.81
LN1116,19.0,121293.0,752.0,30174.0,60,22.63,Self-employed,0,4,46.08
LN1117,30.0,97576.0,689.0,49301.0,24,29.48,Employed,0,9,9.16
LN1118,57.0,127522.0,593.0,19586.0,60,7.2,Employed,1,3,37.48
LN1119,19.0,42612.0,745.0,36976.0,48,9.09,Employed,0,7,11.32
LN1120,37.0,113977.0,509.0,30416.0,60,8.72,Self-employed,0,0,22.52
LN1121,18.0,26471.0,601.0,6814.0,24,24.4,Unemployed,0,4,23.52
LN1122,54.0,55631.0,522.0,18001.0,48,8.05,Employed,0,9,12.14
LN1123,26.0,148449.0,302.0,21508.0,12,4.8,Employed,0,0,46.52
LN1124,34.0,128997.0,817.0,24630.0,36,29.96,Self-employed,0,9,5.12
LN1125,26.0,112059.0,392.0,18380.0,24,3.67,Employed,1,9,45.22
LN1126,28.0,51348.0,819.0,40699.0,24,25.55,Unemployed,1,3,44.77
LN1127,32.0,84732.0,727.0,17317.0,24,12.86,Self-employed,0,7,19.26
LN1128,41.0,21177.0,792.0,40739.0,48,25.72,Employed,0,0,36.69
LN1129,55.0,24760.0,534.0,39785.0,12,17.97,Employed,1,1,16.38
LN1130,52.0,52779.0,460.0,36980.0,60,27.34,Self-employed,0,0,39.14
LN1131,47.0,41636.0,630.0,28799.0,12,28.01,Self-employed,1,6,30.25
LN1132,48.0,101889.0,632.0,40183.0,48,3.25,Employed,0,1,18.51
LN1133,66.0,,349.0,34166.0,24,5.04,Unemployed,1,0,23.01
LN1134,22.0,31556.0,822.0,,36,9.76,Self-employed,1,5,36.04
LN1135,61.0,47598.0,791.0,6609.0,24,21.07,Unemployed,0,5,45.77
LN1136,67.0,31563.0,571.0,5717.0,60,26.98,Employed,0,9,10.88
LN1137,31.0,66819.0,551.0,24945.0,36,15.42,Unemployed,0,1,30.71
LN1138,28.0,129326.0,389.0,30592.0,24,19.39,Employed,0,0,16.42
LN1139,26.0,93770.0,745.0,33141.0,36,8.09,Employed,1,9,41.06
LN1140,51.0,111055.0,631.0,35009.0,12,24.73,Employed,0,2,120.0
LN1141,29.0,,438.0,11782.0,48,29.12,Employed,1,9,36.0
LN1142,52.0,140133.0,656.0,31536.0,24,10.25,Unemployed,0,4,12.87
LN1143,52.0,101709.0,573.0,38816.0,60,16.36,Employed,1,5,31.84
LN1144,18.0,79889.0,318.0,30933.0,12,5.33,Employed,0,2,42.61
LN1145,57.0,46987.0,610.0,16618.0,24,18.1,Unemployed,0,8,38.98
LN1146,39.0,98714.0,453.0,13307.0,12,16.58,Self-employed,1,4,38.88
LN1147,46.0,124874.0,689.0,31671.0,60,6.9,Unemployed,0,1,28.3
LN1148,25.0,78348.0,559.0,45673.0,24,14.94,Unemployed,0,9,45.08
LN1149,28.0,44596.0,424.0,47761.0,60,12.02,Unemployed,0,5,31.46
LN1150,58.0,53174.0,653.0,15338.0,36,17.09,Employed,0,7,46.29
LN1151,54.0,84106.0,572.0,43346.0,60,18.81,Employed,0,5,29.59
LN1152,31.0,127510.0,544.0,11548.0,36,3.23,Employed,1,3,27.77
LN1153,47.0,89967.0,749.0,45149.0,24,23.55,Self-employed,0,5,15.01
LN1154,52.0,79182.0,546.0,26164.0,36,22.25,Employed,1,7,29.52
LN1155,38.0,113300.0,819.0,32526.0,24,12.89,Self-employed,0,7,11.33
LN1156,54.0,107163.0,440.0,,24,4.43,Employed,0,9,44.14
LN1157,22.0,59310.0,661.0,25176.0,48,23.38,Unemployed,1,1,35.42
LN1158,36.0,76088.0,307.0,7941.0,24,28.79,Employed,1,7,49.71
LN1159,31.0,148803.0,777.0,10695.0,36,9.48,Self-employed,1,5,9.14
LN1160,43.0,28906.0,651.0,44169.0,48,11.74,Self-employed,1,1,15.83
LN1161,21.0,56914.0,794.0,30553.0,48,7.96,Employed,1,0,44.47
LN1162,42.0,,726.0,43965.0,24,18.58,Unemployed,0,5,22.79
LN1163,62.0,65379.0,338.0,43218.0,60,7.18,Employed,1,6,25.98
LN1164,59.0,98612.0,486.0,30359.0,60,12.62,Employed,1,9,43.73
LN1165,42.0,134828.0,392.0,29816.0,48,21.82,Employed,0,4,28.48
LN1166,35.0,147445.0,385.0,13378.0,24,18.12,Unemployed,0,9,13.71
LN1167,57.0,,343.0,6881.0,60,13.43,Self-employed,1,7,45.14
LN1168,25.0,66881.0,436.0,44567.0,24,14.35,Unemployed,1,8,6.4
LN1169,56.0,66413.0,720.0,18675.0,24,18.18,Self-employed,1,3,45.29
LN1170,57.0,26012.0,373.0,9586.0,48,3.16,Self-employed,0,6,7.27
LN1171,31.0,70115.0,847.0,30006.0,48,5.12,Self-employed,1,7,34.96
LN1172,49.0,27151.0,811.0,46198.0,12,26.79,Unemployed,0,5,8.23
LN1173,68.0,77716.0,455.0,27831.0,60,5.1,Employed,0,1,120.0
LN1174,55.0,113747.0,554.0,40113.0,60,22.08,Employed,0,6,6.53
LN1175,50.0,112653.0,470.0,21459.0,60,27.84,Employed,0,8,42.91
LN1176,40.0,56378.0,469.0,37443.0,36,10.31,Employed,1,4,25.97
LN1177,32.0,62652.0,621.0,47316.0,24,13.0,Employed,0,1,9.21
LN1178,50.0,92430.0,755.0,35595.0,48,18.36,Unemployed,0,3,36.81
LN1179,42.0,33467.0,454.0,10877.0,60,26.81,Unemployed,1,2,27.02
LN1180,34.0,51010.0,,44553.0,12,28.43,Unemployed,0,3,13.59
LN1181,50.0,148647.0,750.0,,60,22.97,Unemployed,1,9,5.71
LN1182,64.0,141999.0,472.0,9686.0,24,5.34,Unemployed,0,6,23.81
LN1183,19.0,134793.0,309.0,37766.0,24,21.07,Unemployed,1,9,8.85
LN1184,31.0,74691.0,564.0,19407.0,48,14.08,Unemployed,0,7,9.24
LN1185,57.0,84157.0,737.0,37006.0,36,15.71,Employed,0,0,17.03
LN1186,57.0,128177.0,546.0,36422.0,48,4.33,Self-employed,1,7,33.37
LN1187,68.0,32289.0,845.0,17205.0,60,8.16,Unemployed,0,4,28.85
LN1188,56.0,64976.0,798.0,26054.0,12,24.34,Self-employed,0,6,8.1
LN1189,68.0,63596.0,428.0,28527.0,48,15.26,Unemployed,1,0,48.58
LN1190,23.0,43171.0,626.0,,36,11.14,Unemployed,0,1,44.92
LN1191,23.0,120441.0,703.0,21524.0,48,13.37,Employed,0,0,16.67
LN1192,20.0,146296.0,658.0,33202.0,24,26.07,Self-employed,1,4,10.51
LN1193,24.0,106365.0,316.0,,60,23.22,Employed,1,5,47.41
LN1194,68.0,138218.0,573.0,21848.0,60,10.35,Employed,1,9,25.75
LN1195,25.0,119590.0,415.0,25855.0,60,6.17,Self-employed,1,8,19.0
LN1196,59.0,134014.0,390.0,23211.0,60,9.8,Employed,1,7,27.07
LN1197,69.0,64139.0,381.0,30095.0,60,27.86,Unemployed,0,6,39.77
LN1198,32.0,68713.0,,43724.0,60,18.7,Unemployed,1,4,12.58
LN1199,64.0,49734.0,413.0,42583.0,12,17.4,Unemployed,0,2,39.54
LN1200,46.0,92588.0,357.0,7843.0,36,19.1,Unemployed,1,8,38.73
LN1201,50.0,83646.0,453.0,34301.0,60,12.88,Unemployed,0,4,29.27
LN1202,69.0,,703.0,31460.0,36,24.79,Employed,0,2,43.96
LN1203,47.0,109022.0,565.0,36918.0,60,17.13,Employed,1,2,10.95
LN1204,56.0,38743.0,614.0,33747.0,48,6.15,Unemployed,0,2,31.8
LN1205,44.0,68368.0,340.0,20972.0,60,6.48,Unemployed,0,5,25.22
LN1206,53.0,110025.0,404.0,33310.0,24,17.5,Employed,1,0,24.0
LN1207,46.0,94172.0,492.0,27927.0,12,28.29,Self-employed,1,3,-10.0
LN1208,55.0,26441.0,700.0,6094.0,48,11.33,Employed,1,7,21.75
LN1209,50.0,139735.0,577.0,43892.0,48,26.48,Employed,1,2,9.87
LN1210,54.0,44611.0,653.0,39172.0,24,23.63,Employed,0,4,16.32
LN1211,44.0,139891.0,555.0,28324.0,60,9.69,Employed,0,1,17.24
LN1212,50.0,127971.0,398.0,25674.0,12,3.98,Employed,0,1,37.43
LN1213,21.0,32149.0,581.0,8982.0,48,5.75,Self-employed,0,6,7.18
LN1214,39.0,120102.0,702.0,20790.0,12,22.67,Unemployed,0,9,34.3
LN1215,19.0,79189.0,408.0,17205.0,48,8.39,Unemployed,0,2,14.96
LN1216,27.0,127904.0,498.0,29338.0,60,13.02,Self-employed,1,4,8.68
LN1217,22.0,41675.0,602.0,17748.0,48,16.55,Unemployed,0,2,18.54
LN1218,27.0,91031.0,626.0,26097.0,48,22.59,Unemployed,0,5,15.1
LN1219,50.0,62668.0,453.0,8092.0,36,6.06,Unemployed,0,9,29.84
LN1220,55.0,33673.0,704.0,27692.0,60,13.97,Self-employed,1,2,21.08
LN1221,30.0,149582.0,761.0,28862.0,24,16.1,Self-employed,1,7,120.0
LN1222,48.0,96666.0,431.0,29860.0,24,17.6,Unemployed,1,1,48.36
LN1223,64.0,108204.0,383.0,18971.0,60,25.1,Unemployed,1,2,24.97
LN1224,53.0,100758.0,698.0,19616.0,24,7.64,Unemployed,0,7,40.78
LN1225,62.0,85429.0,408.0,9933.0,60,24.81,Employed,0,7,5.6
LN1226,41.0,43669.0,520.0,9926.0,24,21.71,Employed,0,0,29.65
LN1227,69.0,54068.0,667.0,30763.0,36,18.01,Employed,1,7,38.45
LN1228,32.0,108789.0,446.0,8969.0,24,21.89,Self-employed,0,9,14.76
LN1229,46.0,29435.0,411.0,40733.0,48,14.12,Unemployed,0,1,7.75
LN1230,25.0,114088.0,793.0,9319.0,60,6.74,Self-employed,0,6,12.02
LN1231,22.0,72249.0,804.0,46743.0,12,20.98,Self-employed,1,5,24.88
LN1232,46.0,57384.0,774.0,44876.0,12,17.17,Self-employed,1,1,27.79
LN1233,64.0,148782.0,570.0,46909.0,60,20.26,Unemployed,1,4,22.14
LN1234,21.0,101929.0,720.0,25323.0,36,12.13,Employed,0,6,24.8
LN1235,29.0,147959.0,666.0,21428.0,24,27.49,Unemployed,0,7,26.16
LN1236,62.0,96153.0,579.0,39578.0,36,18.86,Unemployed,0,2,39.62
LN1237,19.0,124056.0,582.0,25950.0,12,5.31,Self-employed,0,0,9.74
LN1238,44.0,95388.0,339.0,48041.0,60,15.14,Self-employed,1,6,39.6
LN1239,48.0,51401.0,488.0,46789.0,60,23.42,Self-employed,0,4,35.99
LN1240,68.0,145511.0,463.0,23293.0,36,24.44,Employed,1,4,120.0
LN1241,68.0,91831.0,835.0,11364.0,36,16.35,Employed,0,6,120.0
LN1242,53.0,139503.0,835.0,40349.0,24,27.16,Employed,1,0,26.18
LN1243,53.0,135760.0,303.0,5691.0,48,10.23,Unemployed,0,7,14.51
LN1244,43.0,,589.0,35062.0,48,14.09,Self-employed,0,9,29.15
LN1245,60.0,147834.0,732.0,5931.0,24,27.26,Unemployed,1,4,48.11
LN1246,44.0,54084.0,770.0,36730.0,48,27.2,Employed,1,7,31.48
LN1247,22.0,140387.0,480.0,19226.0,12,21.51,Self-employed,0,9,5.5
LN1248,37.0,130641.0,547.0,18861.0,48,26.19,Employed,0,9,7.69
LN1249,28.0,125111.0,578.0,36301.0,24,5.4,Self-employed,0,4,49.68
LN1250,27.0,75826.0,553.0,,48,26.35,Self-employed,1,6,8.24
LN1251,57.0,56451.0,480.0,41174.0,60,11.66,Unemployed,0,9,7.07
LN1252,55.0,,808.0,46107.0,36,7.81,Unemployed,1,2,20.89
LN1253,23.0,51910.0,,22695.0,12,9.46,Employed,0,1,48.62
LN1254,25.0,56041.0,656.0,46347.0,60,14.29,Unemployed,0,5,19.34
LN1255,40.0,108920.0,690.0,8121.0,60,9.78,Unemployed,0,4,23.44
LN1256,64.0,85681.0,384.0,23257.0,24,11.66,Unemployed,0,8,33.53
LN1257,43.0,123314.0,616.0,33164.0,36,6.64,Self-employed,1,9,6.09
LN1258,63.0,101571.0,511.0,30491.0,36,11.0,Unemployed,1,3,45.4
LN1259,60.0,85481.0,,28165.0,12,18.45,Employed,0,2,28.37
LN1260,29.0,88576.0,683.0,8748.0,24,14.93,Self-employed,0,8,26.01
LN1261,43.0,127958.0,,38045.0,12,12.36,Self-employed,0,7,43.73
LN1262,30.0,149265.0,337.0,31553.0,48,23.15,Unemployed,1,5,47.89
LN1263,57.0,147556.0,810.0,49331.0,60,27.12,Self-employed,0,0,24.05
LN1264,35.0,84174.0,719.0,35497.0,12,23.43,Employed,1,9,12.76
LN1265,42.0,46160.0,1000.0,36308.0,60,11.96,Employed,1,0,41.71
LN1266,50.0,135170.0,642.0,44560.0,24,23.1,Self-employed,1,5,-10.0
LN1267,64.0,137867.0,605.0,15374.0,48,7.1,Unemployed,1,2,47.1
LN1268,57.0,37633.0,,9675.0,24,6.52,Unemployed,0,2,47.75
LN1269,60.0,114880.0,836.0,6170.0,48,12.33,Self-employed,0,5,10.17
LN1270,29.0,37014.0,411.0,,48,24.81,Employed,1,2,48.04
LN1271,61.0,100532.0,710.0,48485.0,60,9.65,Self-employed,0,9,21.57
LN1272,53.0,69104.0,505.0,17450.0,24,4.71,Unemployed,0,5,34.08
LN1273,65.0,61621.0,484.0,15680.0,24,6.56,Unemployed,0,4,6.56
LN1274,21.0,97231.0,681.0,15068.0,12,26.19,Self-employed,1,3,45.0
LN1275,22.0,88388.0,795.0,40230.0,24,20.11,Employed,0,7,33.87
LN1276,54.0,36014.0,678.0,31206.0,12,9.84,Self-employed,0,1,120.0
LN1277,25.0,112578.0,346.0,5287.0,36,17.99,Employed,0,6,45.6
LN1278,59.0,53755.0,827.0,27337.0,36,17.24,Employed,0,3,27.88
LN1279,66.0,60390.0,803.0,25666.0,36,20.7,Self-employed,0,1,23.47
LN1280,45.0,43711.0,321.0,6161.0,24,9.3,Self-employed,0,6,43.98
LN1281,48.0,111658.0,512.0,40131.0,24,26.34,Employed,0,0,38.41
LN1282,26.0,77993.0,609.0,29535.0,12,11.35,Employed,0,3,47.7
LN1283,68.0,94696.0,571.0,37528.0,48,21.74,Employed,0,8,47.31
LN1284,46.0,47213.0,501.0,43751.0,12,3.44,Employed,0,3,-10.0
LN1285,31.0,135788.0,331.0,,36,13.06,Unemployed,1,2,25.11
LN1286,57.0,124956.0,742.0,45975.0,12,12.5,Self-employed,0,9,16.52
LN1287,58.0,77784.0,461.0,28853.0,48,17.67,Employed,1,9,34.73
LN1288,39.0,27421.0,553.0,19758.0,24,4.96,Self-employed,0,1,21.4
LN1289,28.0,106936.0,820.0,5244.0,12,24.33,Employed,1,2,40.37
LN1290,40.0,119073.0,779.0,8178.0,36,8.88,Self-employed,1,0,10.47
LN1291,18.0,37727.0,309.0,36831.0,36,21.28,Self-employed,0,9,10.24
LN1292,63.0,132418.0,804.0,7176.0,24,24.69,Employed,1,7,14.2
LN1293,54.0,24358.0,735.0,42770.0,12,18.17,Employed,1,0,8.79
LN1294,38.0,85108.0,410.0,38654.0,48,23.0,Self-employed,1,2,32.9
LN1295,-5.0,146609.0,452.0,31627.0,24,20.87,Self-employed,0,2,11.63
LN1296,63.0,114018.0,401.0,49910.0,12,12.6,Self-employed,1,1,12.2
LN1297,53.0,144457.0,490.0,29881.0,60,24.84,Unemployed,1,4,5.64
LN1298,40.0,52117.0,380.0,40422.0,36,10.96,Employed,0,9,40.19
LN1299,18.0,108700.0,788.0,16984.0,48,18.42,Unemployed,1,2,41.55
LN1300,68.0,51910.0,387.0,28776.0,48,23.13,Unemployed,1,2,12.29
LN1301,57.0,146888.0,493.0,22755.0,48,13.23,Employed,1,7,38.28
LN1302,32.0,118032.0,403.0,12135.0,36,11.17,Employed,0,3,24.51
LN1303,38.0,75754.0,395.0,5320.0,12,15.4,Unemployed,1,3,15.78
LN1304,64.0,82438.0,722.0,42422.0,24,25.09,Employed,0,2,32.96
LN1305,26.0,129847.0,497.0,33635.0,12,28.11,Self-employed,1,0,13.03
LN1306,-5.0,49371.0,300.0,26684.0,24,17.72,Self-employed,1,7,39.06
LN1307,27.0,71501.0,706.0,28238.0,48,20.86,Unemployed,1,0,7.14
LN1308,69.0,80946.0,677.0,26889.0,12,27.39,Unemployed,1,6,48.16
LN1309,43.0,58467.0,,35313.0,48,5.66,Employed,0,4,8.23
LN1310,58.0,37625.0,808.0,37535.0,60,9.27,Employed,1,3,31.08
LN1311,52.0,53893.0,612.0,,48,22.14,Unemployed,0,3,45.6
LN1312,69.0,96329.0,717.0,44321.0,48,25.24,Unemployed,1,7,5.54
LN1313,42.0,51007.0,776.0,25426.0,24,26.14,Self-employed,0,5,27.43
LN1314,43.0,111302.0,372.0,49327.0,60,14.21,Self-employed,1,0,20.75
LN1315,28.0,59532.0,440.0,46777.0,48,5.41,Employed,1,9,31.11
LN1316,55.0,74253.0,561.0,12498.0,48,14.82,Self-employed,0,7,15.15
LN1317,19.0,32323.0,639.0,44404.0,60,9.23,Employed,0,1,7.92
LN1318,24.0,131335.0,607.0,45130.0,60,10.86,Employed,0,5,33.17
LN1319,35.0,132356.0,544.0,21395.0,12,23.85,Employed,0,8,23.76
LN1320,44.0,130944.0,814.0,7537.0,24,5.04,Self-employed,1,0,33.01
LN1321,51.0,93379.0,,,60,25.34,Unemployed,0,5,14.47
LN1322,44.0,34210.0,375.0,20216.0,60,14.55,Unemployed,0,7,20.24
LN1323,34.0,36456.0,474.0,23613.0,36,19.09,Self-employed,0,9,30.28
LN1324,60.0,51367.0,408.0,8009.0,60,5.42,Unemployed,1,1,31.69
LN1325,61.0,74624.0,482.0,29368.0,24,12.11,Employed,1,4,21.75
LN1326,68.0,30106.0,491.0,34327.0,48,5.42,Unemployed,1,5,17.6
LN1327,41.0,123493.0,364.0,19209.0,48,28.96,Self-employed,1,4,17.32
LN1328,42.0,88008.0,773.0,20029.0,48,24.8,Unemployed,0,2,12.86
LN1329,24.0,145926.0,399.0,7077.0,48,15.41,Employed,1,3,19.64
LN1330,69.0,135395.0,843.0,18907.0,36,9.04,Employed,0,6,13.97
LN1331,23.0,136492.0,427.0,41635.0,60,28.2,Self-employed,1,3,33.52
LN1332,41.0,92240.0,751.0,9873.0,48,12.3,Self-employed,0,8,30.61
LN1333,50.0,84315.0,668.0,13635.0,12,7.35,Self-employed,0,9,22.22
LN1334,66.0,89249.0,342.0,38065.0,48,18.21,Employed,0,1,19.66
LN1335,46.0,90587.0,718.0,46804.0,60,28.48,Unemployed,0,4,15.69
LN1336,60.0,30756.0,787.0,38783.0,48,3.1,Unemployed,0,7,29.1
LN1337,39.0,88011.0,1000.0,39152.0,36,9.43,Self-employed,1,4,46.35
LN1338,43.0,56378.0,569.0,,24,28.34,Unemployed,0,9,35.86
LN1339,45.0,24255.0,614.0,34092.0,24,7.62,Unemployed,0,7,38.5
LN1340,67.0,34484.0,467.0,22653.0,60,6.06,Self-employed,0,7,42.55
LN1341,38.0,145703.0,638.0,37463.0,24,18.4,Self-employed,0,8,20.82
LN1342,66.0,76549.0,492.0,39028.0,24,26.27,Employed,1,9,7.83
LN1343,24.0,54503.0,752.0,45469.0,12,15.88,Employed,1,5,33.02
LN1344,34.0,144465.0,582.0,25947.0,60,29.85,Employed,0,3,13.49
LN1345,37.0,93794.0,635.0,34978.0,60,21.34,Employed,0,2,30.61
LN1346,58.0,145941.0,689.0,27056.0,24,5.0,Unemployed,0,4,38.28
LN1347,66.0,126283.0,824.0,34007.0,24,29.81,Unemployed,0,5,40.26
LN1348,37.0,120732.0,539.0,48169.0,24,14.01,Employed,1,2,18.58
LN1349,39.0,65113.0,782.0,49632.0,36,10.76,Employed,1,1,28.06
LN1350,45.0,125730.0,757.0,10543.0,48,18.06,Self-employed,0,6,32.94
LN1351,57.0,94069.0,388.0,26067.0,36,11.22,Unemployed,0,4,41.88
LN1352,66.0,118117.0,394.0,30097.0,60,5.33,Unemployed,0,8,39.26
LN1353,24.0,25249.0,751.0,47847.0,12,3.04,Employed,0,2,49.46
LN1354,18.0,145654.0,727.0,48512.0,48,15.14,Unemployed,0,7,5.36
LN1355,49.0,139979.0,450.0,8809.0,12,25.6,Self-employed,1,5,24.69
LN1356,30.0,39201.0,813.0,27191.0,60,18.45,Self-employed,1,3,16.52
LN1357,47.0,145541.0,675.0,26267.0,60,29.98,Unemployed,0,8,10.4
LN1358,40.0,78576.0,321.0,12206.0,12,10.74,Employed,1,4,46.02
LN1359,68.0,138562.0,612.0,26057.0,12,10.57,Unemployed,1,9,49.91
LN1360,36.0,145281.0,818.0,33992.0,12,7.31,Self-employed,1,5,13.13
LN1361,49.0,29686.0,505.0,20995.0,60,7.43,Employed,0,8,6.73
LN1362,47.0,132413.0,674.0,49439.0,24,10.7,Unemployed,1,6,17.38
LN1363,46.0,73363.0,,18210.0,12,24.41,Employed,1,4,42.57
LN1364,66.0,,478.0,22793.0,48,27.46,Employed,0,1,18.23
LN1365,62.0,20661.0,509.0,31270.0,60,29.33,Self-employed,1,3,7.56
LN1366,46.0,64843.0,799.0,,36,9.27,Employed,0,1,7.36
LN1367,47.0,115673.0,763.0,12452.0,36,26.8,Unemployed,1,2,24.23
LN1368,33.0,80963.0,423.0,46486.0,48,11.86,Employed,0,9,46.93
LN1369,57.0,133092.0,412.0,19859.0,24,6.05,Employed,0,2,17.87
LN1370,36.0,62828.0,311.0,32236.0,12,26.49,Unemployed,1,3,24.22
LN1371,35.0,68604.0,425.0,36899.0,60,20.17,Self-employed,1,5,9.59
LN1372,18.0,30526.0,630.0,37083.0,12,7.45,Self-employed,0,2,27.21
LN1373,31.0,88910.0,582.0,7172.0,60,14.61,Unemployed,0,9,36.34
LN1374,68.0,45592.0,439.0,21663.0,36,10.76,Unemployed,1,0,17.2
LN1375,150.0,48982.0,700.0,32540.0,12,22.89,Self-employed,1,0,18.35
LN1376,67.0,20207.0,396.0,24053.0,48,15.24,Employed,1,8,42.89
LN1377,19.0,120969.0,816.0,16085.0,24,29.71,Unemployed,1,8,5.47
LN1378,45.0,137181.0,368.0,35564.0,48,4.48,Employed,0,4,33.64
LN1379,66.0,108733.0,417.0,29209.0,24,12.59,Unemployed,0,8,22.72
LN1380,67.0,118936.0,358.0,8981.0,12,16.01,Self-employed,0,6,18.43
LN1381,47.0,144982.0,332.0,26153.0,12,16.58,Employed,1,8,34.59
LN1382,55.0,145839.0,617.0,10247.0,24,11.53,Employed,1,6,42.56
LN1383,68.0,88619.0,349.0,15553.0,36,22.69,Unemployed,0,8,30.13
LN1384,21.0,49328.0,788.0,25811.0,60,26.62,Employed,0,1,6.4
LN1385,18.0,66479.0,318.0,34845.0,48,28.35,Unemployed,0,7,25.76
LN1386,25.0,128427.0,496.0,11135.0,48,24.74,Self-employed,0,6,25.82
LN1387,46.0,40103.0,749.0,,48,25.97,Employed,0,5,29.47
LN1388,56.0,59891.0,751.0,18731.0,12,17.86,Unemployed,0,4,35.19
LN1389,20.0,30754.0,-50.0,,48,25.3,Employed,1,3,5.87
LN1390,49.0,119983.0,440.0,19541.0,60,11.19,Unemployed,0,6,27.59
LN1391,27.0,101437.0,383.0,48646.0,60,13.76,Unemployed,0,2,31.47
LN1392,27.0,118540.0,690.0,16087.0,24,11.56,Unemployed,0,7,20.45
LN1393,36.0,92982.0,514.0,7776.0,12,15.62,Self-employed,0,1,35.08
LN1394,63.0,122747.0,825.0,47079.0,60,10.71,Employed,0,0,15.27
LN1395,51.0,75922.0,514.0,32564.0,36,28.96,Self-employed,0,1,19.28
LN1396,50.0,68231.0,702.0,33835.0,12,11.45,Unemployed,0,8,48.32
LN1397,40.0,49301.0,427.0,12697.0,12,5.65,Unemployed,1,4,20.66
LN1398,45.0,111652.0,776.0,19629.0,60,17.22,Self-employed,0,7,20.59
LN1399,49.0,140787.0,703.0,13386.0,36,4.54,Self-employed,1,2,31.81
LN1400,67.0,146823.0,328.0,22046.0,24,5.98,Employed,1,6,48.69
LN1401,24.0,82711.0,637.0,13044.0,60,8.92,Unemployed,1,1,49.24
LN1402,46.0,,,14615.0,36,15.54,Self-employed,0,7,31.08
LN1403,25.0,38752.0,691.0,10060.0,12,14.7,Unemployed,0,6,5.05
LN1404,18.0,117912.0,517.0,15900.0,36,24.59,Unemployed,0,4,45.53
LN1405,20.0,102205.0,501.0,10581.0,12,22.97,Employed,0,3,30.66
LN1406,41.0,118452.0,316.0,39782.0,60,14.51,Employed,0,0,21.47
LN1407,40.0,33395.0,621.0,25173.0,60,12.01,Employed,0,4,42.31
LN1408,25.0,105957.0,817.0,17997.0,48,11.54,Self-employed,0,8,22.99
LN1409,64.0,141237.0,624.0,48403.0,48,23.9,Unemployed,0,9,6.53
LN1410,54.0,76273.0,711.0,12148.0,48,4.41,Self-employed,0,3,41.95
LN1411,20.0,147431.0,617.0,23748.0,60,3.35,Self-employed,0,8,29.56
LN1412,68.0,111878.0,381.0,19022.0,24,24.48,Employed,1,1,20.22
LN1413,50.0,24895.0,,25013.0,60,15.88,Unemployed,0,3,16.29
LN1414,45.0,139968.0,767.0,43687.0,36,6.53,Unemployed,0,8,31.72
LN1415,64.0,135700.0,724.0,20886.0,60,9.36,Employed,0,3,14.36
LN1416,25.0,96559.0,503.0,30256.0,60,28.18,Unemployed,1,4,19.57
LN1417,51.0,30699.0,686.0,35005.0,12,26.21,Employed,0,7,33.64
LN1418,52.0,85061.0,397.0,11638.0,12,22.16,Self-employed,0,0,44.67
LN1419,49.0,29715.0,644.0,42419.0,12,16.02,Self-employed,1,0,28.98
LN1420,41.0,39169.0,507.0,38377.0,60,17.05,Employed,0,8,39.16
LN1421,31.0,145436.0,813.0,45708.0,24,29.33,Self-employed,1,8,39.34
LN1422,49.0,138413.0,465.0,48116.0,36,29.08,Self-employed,1,3,34.9
LN1423,63.0,36163.0,321.0,41634.0,36,8.81,Employed,1,1,16.06
LN1424,60.0,139264.0,453.0,21755.0,24,24.9,Self-employed,1,8,44.01
LN1425,33.0,25782.0,738.0,28382.0,24,8.33,Unemployed,0,3,24.63
LN1426,21.0,108177.0,594.0,27394.0,36,8.77,Self-employed,1,5,6.99
LN1427,69.0,149772.0,518.0,7253.0,48,21.25,Employed,1,0,16.01
LN1428,54.0,144481.0,794.0,42710.0,12,13.94,Unemployed,0,8,39.45
LN1429,38.0,104328.0,529.0,5864.0,12,28.15,Unemployed,0,4,8.11
LN1430,31.0,135028.0,319.0,39036.0,36,5.4,Self-employed,0,2,11.63
LN1431,48.0,55585.0,447.0,45222.0,24,16.81,Unemployed,1,3,36.24
LN1432,65.0,50682.0,407.0,18666.0,48,27.8,Employed,0,0,45.17
LN1433,35.0,67864.0,702.0,25955.0,36,27.41,Unemployed,1,8,33.52
LN1434,24.0,149992.0,782.0,42997.0,12,7.23,Self-employed,1,7,15.0
LN1435,27.0,104416.0,666.0,21309.0,60,12.9,Self-employed,0,3,7.4
LN1436,24.0,75114.0,713.0,9054.0,24,19.72,Unemployed,0,1,32.68
LN1437,50.0,147810.0,608.0,5935.0,60,7.3,Employed,0,8,7.13
LN1438,40.0,58067.0,433.0,49940.0,36,29.14,Employed,0,3,32.57
LN1439,38.0,62685.0,582.0,27778.0,12,27.7,Self-employed,0,8,15.15
LN1440,36.0,142262.0,372.0,48298.0,48,7.51,Self-employed,0,9,45.71
LN1441,65.0,38073.0,780.0,21709.0,60,6.27,Employed,1,2,26.38
LN1442,36.0,56035.0,651.0,14726.0,48,5.31,Unemployed,1,6,15.08
LN1443,53.0,84977.0,625.0,45542.0,12,27.55,Unemployed,0,6,43.39
LN1444,46.0,122710.0,742.0,25245.0,60,8.23,Unemployed,1,9,16.43
LN1445,35.0,110373.0,399.0,39753.0,48,14.24,Unemployed,1,3,18.8
LN1446,19.0,103362.0,358.0,19252.0,48,15.12,Employed,1,1,42.54
LN1447,18.0,110517.0,807.0,26316.0,60,19.17,Self-employed,1,8,18.9
LN1448,-5.0,85450.0,557.0,42371.0,12,4.94,Self-employed,1,3,23.46
LN1449,22.0,30382.0,712.0,24162.0,48,9.12,Unemployed,1,7,20.64
LN1450,37.0,24437.0,751.0,20960.0,36,28.15,Employed,0,1,10.24
LN1451,28.0,90971.0,364.0,35791.0,60,27.53,Employed,0,7,6.75
LN1452,59.0,84612.0,453.0,47230.0,24,24.09,Unemployed,0,9,37.6
LN1453,19.0,110355.0,565.0,30216.0,24,3.52,Unemployed,1,4,34.03
LN1454,20.0,81929.0,378.0,37467.0,12,11.83,Unemployed,0,6,17.71
LN1455,40.0,122411.0,614.0,12754.0,36,19.95,Self-employed,0,6,18.3
LN1456,29.0,117518.0,,,48,10.43,Unemployed,0,8,47.53
LN1457,37.0,118864.0,713.0,17853.0,24,27.56,Self-employed,1,2,49.45
LN1458,22.0,32329.0,324.0,9042.0,12,20.12,Employed,0,9,26.3
LN1459,54.0,145605.0,583.0,19389.0,36,4.94,Employed,1,3,41.11
LN1460,55.0,45169.0,748.0,35425.0,36,27.54,Self-employed,0,9,38.15
LN1461,47.0,107468.0,600.0,7575.0,12,28.86,Self-employed,0,3,18.38
LN1462,26.0,54594.0,367.0,44522.0,12,5.1,Self-employed,0,9,7.64
LN1463,51.0,96957.0,306.0,33179.0,48,17.37,Self-employed,1,4,11.42
LN1464,61.0,80631.0,436.0,39754.0,12,11.19,Unemployed,1,5,42.72
LN1465,52.0,65033.0,463.0,23624.0,48,13.61,Employed,1,2,37.9
LN1466,69.0,83133.0,382.0,25350.0,48,7.85,Unemployed,1,3,34.9
LN1467,39.0,93165.0,719.0,31681.0,60,18.61,Self-employed,1,2,10.88
LN1468,61.0,93861.0,372.0,28988.0,36,28.87,Unemployed,0,1,33.8
LN1469,41.0,72290.0,536.0,20470.0,36,16.58,Unemployed,0,9,39.75
LN1470,34.0,114031.0,345.0,29704.0,36,5.24,Employed,1,8,43.73
LN1471,27.0,51750.0,561.0,43736.0,60,19.74,Unemployed,1,0,5.6
LN1472,47.0,115155.0,475.0,34377.0,48,12.19,Employed,0,1,35.8
LN1473,63.0,60461.0,465.0,33572.0,48,26.11,Self-employed,1,7,5.86
LN1474,40.0,93800.0,669.0,12493.0,12,14.74,Unemployed,0,6,36.81
LN1475,49.0,98222.0,353.0,9103.0,60,8.21,Self-employed,1,0,33.6
LN1476,34.0,132020.0,718.0,,12,8.16,Employed,0,4,11.68
LN1477,67.0,44226.0,806.0,7994.0,60,23.76,Self-employed,1,9,39.48
LN1478,68.0,26721.0,640.0,8744.0,12,10.17,Self-employed,1,5,8.08
LN1479,34.0,76154.0,426.0,32332.0,24,23.72,Employed,0,4,42.19
LN1480,31.0,40609.0,708.0,10594.0,36,8.56,Self-employed,0,3,16.79
LN1481,26.0,72130.0,666.0,45299.0,36,11.69,Self-employed,1,0,36.0
LN1482,57.0,92909.0,570.0,,48,15.57,Self-employed,1,6,46.57
LN1483,19.0,124211.0,678.0,23028.0,24,28.47,Unemployed,0,8,20.29
LN1484,62.0,75249.0,372.0,40912.0,36,28.16,Self-employed,1,5,27.63
LN1485,42.0,68895.0,547.0,18990.0,48,8.59,Employed,0,2,25.84
LN1486,56.0,,342.0,21626.0,24,12.67,Unemployed,0,9,12.09
LN1487,26.0,25656.0,676.0,25469.0,36,7.03,Unemployed,1,3,31.56
LN1488,39.0,144865.0,340.0,45722.0,12,16.77,Employed,0,9,120.0
LN1489,60.0,94520.0,469.0,45037.0,60,15.44,Self-employed,0,4,46.26
LN1490,150.0,83740.0,511.0,12130.0,24,27.32,Unemployed,1,0,43.29
LN1491,21.0,84309.0,792.0,11828.0,48,28.11,Unemployed,0,4,27.95
LN1492,43.0,49984.0,338.0,,24,13.36,Unemployed,0,0,37.36
LN1493,46.0,138947.0,668.0,44099.0,48,16.28,Self-employed,0,8,41.04
LN1494,62.0,93822.0,450.0,22883.0,24,27.2,Unemployed,0,6,27.21
LN1495,51.0,25901.0,410.0,48059.0,48,24.78,Employed,1,2,10.19
LN1496,40.0,51552.0,779.0,23542.0,36,3.1,Self-employed,0,8,24.71
LN1497,54.0,111245.0,735.0,47932.0,12,11.64,Employed,1,1,42.91
LN1498,28.0,51055.0,346.0,15450.0,36,14.39,Employed,0,6,31.85
LN1499,23.0,57685.0,665.0,25423.0,12,9.2,Unemployed,1,8,37.6
LN1500,35.0,93965.0,368.0,7035.0,36,8.39,Unemployed,0,5,13.34
